{"type":"FeatureCollection","features":[{"type":"Feature","geometry":{"type":"Polygon","coordinates":[[[36.890714,22.003972],[36.821936,22.001109],[36.728054,21.999445],[36.688327,21.998336],[36.545827,21.998609],[36.408609,21.998882],[36.297773,21.999164],[36.256382,21.999718],[36.024991,21.998882],[35.909436,21.998336],[35.781109,21.996945],[35.445,21.997773],[35.354436,21.999164],[35.153609,22.000554],[34.988609,22.001109],[34.967636,22.001109],[34.940282,22.001109],[34.892491,22.000554],[34.704163,21.997218],[34.663891,21.996109],[34.346245,21.995554],[34.107973,21.996277],[34.074436,21.996945],[33.954991,21.998882],[33.865,21.999445],[33.781391,21.999718],[33.760273,21.999718],[33.739718,21.999718],[33.4618,22.000273],[33.358054,22.000273],[33.173264,21.999155],[32.648045,22.001945],[32.521663,22.002773],[32.493891,22.003054],[32.473054,22.003609],[32.444445,22.004164],[32.388054,22.004164],[32.339718,22.004164],[31.996663,22.002773],[31.579163,21.999445],[31.4953,21.998336],[31.460273,21.998191],[31.466109,22.030827],[31.513818,22.159854],[31.508191,22.189718],[31.479027,22.221391],[31.448327,22.232218],[31.421663,22.227218],[31.395418,22.211382],[31.335,22.106109],[31.32,22.08],[31.2743,21.998745],[31.2075,21.998336],[31.165273,21.998336],[31.02646,21.998612],[30.74811,22.003046],[30.69099,22.00282],[30.598816,22.002398],[30.499152,22.001376],[30.463044,22.001321],[30.377493,22.001191],[30.263811,22.001004],[30.101108,22.000648],[29.611946,21.998007],[29.527219,21.997438],[29.250515,21.995457],[29.178054,21.995525],[29.156391,21.995544],[29.135273,21.995562],[29.113609,21.995581],[29.092783,21.995599],[29.070828,21.995618],[29.013337,21.99592],[28.596665,21.99962],[28.469551,22.001137],[28.319164,22.002709],[28.261111,22.003445],[28.222775,22.003161],[27.724165,21.999271],[27.412218,21.994463],[27.386663,21.994188],[27.364089,21.994856],[27.327218,21.99597],[27.267773,21.997765],[27.13806,21.998859],[27.09306,21.998639],[26.971667,21.997611],[26.914445,21.996482],[26.838054,21.995206],[26.674718,21.99597],[26.648608,21.996316],[26.612354,21.996673],[26.339718,21.999718],[25.778609,22.0025],[25.407292,21.999983],[25.216391,22.001109],[25.099163,22.000827],[25.001418,21.999691],[25.001127,21.0103],[25.000518,19.999114],[24.9825,19.999445],[24.763609,20.000273],[24.634445,20],[24.577218,19.999164],[24.455827,19.996945],[24.154445,20.000554],[24.043327,20.002218],[24.005827,19.998818],[24.000273,19.906391],[24.001859,19.506614],[23.999718,19.465827],[23.999445,19.432782],[23.999163,18.832773],[23.999809,18.7543],[23.999163,18.5325],[23.999163,18.299445],[23.999163,18.220685],[23.999163,16.266109],[24,16.132773],[24,15.832773],[23.997563,15.702845],[23.973191,15.697918],[23.951109,15.705554],[23.865,15.730554],[23.800418,15.747918],[23.663327,15.7575],[23.603054,15.7575],[23.564163,15.749718],[23.531663,15.741664],[23.479163,15.725827],[23.460136,15.716809],[23.433891,15.700836],[23.409027,15.690836],[23.381382,15.685],[23.356945,15.681664],[23.329718,15.683609],[23.305554,15.686945],[23.244445,15.701109],[23.170273,15.710554],[23.143609,15.711109],[23.113382,15.708341],[22.937218,15.561945],[22.923336,15.540136],[22.919582,15.515691],[22.923054,15.487218],[22.935418,15.464718],[22.982709,15.414236],[22.997154,15.371318],[22.997218,15.335836],[22.991391,15.283336],[22.984718,15.231109],[22.978745,15.207918],[22.929373,15.114027],[22.892773,15.104718],[22.872773,15.096945],[22.845691,15.074864],[22.786109,15.015],[22.753327,14.976945],[22.669163,14.853745],[22.669582,14.814027],[22.679863,14.758054],[22.699927,14.7041],[22.5,14.637436],[22.47,14.629445],[22.416109,14.600273],[22.398609,14.586245],[22.386527,14.562636],[22.384718,14.5251],[22.438191,14.492773],[22.446109,14.473745],[22.449163,14.379164],[22.449445,14.33],[22.511663,14.240273],[22.553745,14.229027],[22.5668,14.167218],[22.556182,14.129791],[22.434445,14.051664],[22.370827,14.028891],[22.317082,14.010691],[22.2343,13.965554],[22.198327,13.9225],[22.084445,13.779164],[22.136109,13.665],[22.2275,13.495554],[22.294654,13.372709],[22.285,13.340554],[22.269445,13.320836],[22.153054,13.186527],[22.0675,13.148609],[22.025,13.140273],[21.942082,13.051245],[21.891945,12.954445],[21.8291,12.7972],[21.888473,12.693054],[21.906945,12.669445],[21.925554,12.656109],[21.952773,12.643891],[21.977218,12.638609],[22.004718,12.636391],[22.05,12.6375],[22.074445,12.64],[22.119854,12.648609],[22.145273,12.657364],[22.161945,12.668745],[22.199718,12.715554],[22.223327,12.747218],[22.331663,12.673336],[22.4643,12.614864],[22.407636,12.485136],[22.439027,12.347218],[22.503327,12.165836],[22.563609,12.074718],[22.611382,11.992773],[22.597773,11.926664],[22.572773,11.799164],[22.553191,11.665973],[22.559027,11.629027],[22.575273,11.601945],[22.613327,11.550554],[22.625554,11.534445],[22.648327,11.511809],[22.790273,11.429445],[22.933191,11.408745],[22.971391,11.280273],[22.974091,11.209791],[22.893609,10.976945],[22.8665,10.922445],[22.88,10.899718],[22.901391,10.865554],[22.944163,10.798054],[23.009445,10.698609],[23.060273,10.664445],[23.309445,10.451664],[23.323891,10.43],[23.536663,10.083609],[23.669163,9.866945],[23.693891,9.668054],[23.660273,9.597773],[23.649436,9.579164],[23.626036,9.542845],[23.642009,9.443127],[23.664718,9.434718],[23.6493,9.275973],[23.564445,9.187218],[23.539027,9.179445],[23.499645,9.177218],[23.475832,9.137496],[23.448327,9.019582],[23.457918,8.990836],[23.4893,8.966245],[23.509863,8.958327],[23.532218,8.961109],[23.561182,9.000554],[23.581663,8.993745],[23.582636,8.912218],[23.562773,8.868609],[23.536527,8.8316],[23.508054,8.808054],[23.497636,8.7718],[23.529654,8.708336],[23.5575,8.704445],[23.739163,8.705273],[23.763745,8.714582],[23.781945,8.723336],[23.823891,8.727782],[23.925827,8.718054],[24.015554,8.703891],[24.051873,8.693745],[24.086936,8.688327],[24.141182,8.686736],[24.174463,8.695891],[24.201109,8.686945],[24.240269,8.629011],[24.283345,8.679689],[24.412261,8.797395],[24.569203,8.864656],[24.619648,8.971152],[24.586018,9.083253],[24.608438,9.223379],[24.670094,9.329875],[24.647673,9.391531],[24.7878,9.498027],[24.79901,9.615733],[24.782195,9.76707],[24.883086,9.806305],[24.955951,9.907196],[25.118498,10.125793],[25.090473,10.181844],[25.185759,10.33318],[25.499642,10.355601],[25.908811,10.417256],[25.992887,10.366811],[25.987282,10.170634],[26.082568,10.125793],[26.183459,9.963247],[26.250719,9.895986],[26.357215,9.621338],[26.441291,9.542868],[26.771989,9.458792],[26.928931,9.531657],[27.141923,9.587708],[27.38294,9.598918],[27.612748,9.576498],[27.943446,9.576498],[28.072362,9.318665],[28.789809,9.31306],[28.801019,9.397136],[28.83465,9.458792],[29.114903,9.722229],[29.563307,9.711019],[29.574517,10.030507],[29.983686,10.25471],[30.129418,10.187449],[30.549797,9.912801],[30.846865,9.671784],[30.930941,9.705414],[31.272849,9.705414],[31.441001,9.839936],[31.676413,10.142609],[31.805329,10.249105],[32.012716,10.602223],[32.208893,10.731139],[32.472331,11.011392],[32.40507,11.151519],[32.41628,11.633553],[32.124817,11.896991],[32.758189,11.891386],[32.769399,12.059537],[32.730163,12.177244],[33.301879,12.171639],[33.257039,12.081958],[33.195383,11.78489],[33.189778,11.695209],[33.128122,11.577503],[33.273854,10.80961],[33.229013,10.703114],[33.475636,10.630248],[33.699838,10.366811],[33.795124,10.305155],[33.89041,10.137003],[33.952065,10.137003],[33.968881,10.058533],[33.991301,10.024902],[33.980091,9.78949],[33.918435,9.733439],[33.89041,9.593313],[33.90162,9.481212],[34.092234,9.477474],[34.085827,9.553054],[34.14,9.758054],[34.207218,9.905],[34.219718,9.973609],[34.230554,10.027636],[34.323054,10.117218],[34.348327,10.238473],[34.341945,10.280836],[34.328045,10.35],[34.286109,10.554164],[34.314718,10.586391],[34.352773,10.631664],[34.439718,10.784445],[34.594445,10.887782],[34.673882,10.834718],[34.710827,10.802218],[34.769863,10.749445],[34.800554,10.723327],[34.860618,10.732009],[34.975273,10.864445],[34.978609,10.915273],[34.933327,10.956664],[34.9836,11.110282],[34.997612,11.151232],[35.005554,11.174445],[35.0075,11.198327],[34.974996,11.2275],[34.964163,11.250418],[34.967082,11.274864],[34.986382,11.318336],[35.004436,11.348891],[35.013327,11.367773],[35.087491,11.535827],[35.0952,11.576454],[35.091663,11.598891],[35.078191,11.623473],[35.0668,11.646527],[35.058327,11.730273],[35.063191,11.759582],[35.083609,11.805554],[35.102354,11.834445],[35.116245,11.850836],[35.134436,11.863891],[35.168327,11.878336],[35.201663,11.886391],[35.231382,11.898191],[35.253609,11.9175],[35.265436,11.933609],[35.283882,11.983327],[35.383609,12.165554],[35.647354,12.591527],[35.686245,12.602218],[35.700136,12.625],[35.701082,12.666118],[35.964718,12.715554],[36.012636,12.720554],[36.037218,12.715],[36.072291,12.7241],[36.0934,12.706391],[36.111936,12.694027],[36.142545,12.714854],[36.159163,12.881391],[36.135345,12.925418],[36.142082,12.952773],[36.151109,12.971664],[36.168882,12.99],[36.157354,13.033054],[36.2486,13.368054],[36.348882,13.502773],[36.362218,13.519445],[36.3975,13.567782],[36.408745,13.595136],[36.411382,13.615554],[36.407354,13.635273],[36.409027,13.6575],[36.421036,13.686873],[36.471109,13.804164],[36.486936,13.839445],[36.446391,13.956945],[36.539445,14.246109],[36.542241,14.270054],[36.515545,14.450282],[36.452218,15.068609],[36.443282,15.149954],[36.479718,15.180273],[36.542773,15.234718],[36.565554,15.302773],[36.610545,15.437218],[36.626109,15.489445],[36.671663,15.659164],[36.696245,15.748609],[36.763609,15.808054],[36.826109,15.9775],[36.889445,16.146664],[36.924718,16.227082],[36.966873,16.259927],[36.973882,16.285554],[36.952836,16.433609],[36.928054,16.459445],[36.902773,16.493609],[36.896663,16.514718],[36.898327,16.536945],[36.914027,16.644445],[36.9393,16.677636],[36.972636,16.7],[36.988882,16.725554],[37.008954,16.786318],[37.013054,17.022427],[36.993809,17.064891],[37.026109,17.077218],[37.108327,17.047918],[37.147773,17.017009],[37.257354,17.026945],[37.381382,17.043054],[37.423291,17.034209],[37.486109,17.110554],[37.520573,17.1958],[37.530691,17.249427],[37.520273,17.277773],[37.512073,17.321182],[37.588745,17.350136],[37.623054,17.3575],[37.744718,17.381945],[37.895554,17.441391],[37.933882,17.458609],[37.966527,17.499718],[38.034718,17.541664],[38.058745,17.5525],[38.092254,17.543227],[38.135554,17.498882],[38.2575,17.532773],[38.369163,17.664445],[38.449163,17.851109],[38.458609,17.871109],[38.505827,17.913327],[38.604096,18.002855],[38.589027,18.0668],[38.589027,18.0668],[38.586254,18.071149],[38.575827,18.0875],[38.546245,18.107218],[38.468041,18.127206],[38.439718,18.134445],[38.408388,18.158005],[38.369163,18.1875],[38.323931,18.203817],[38.271382,18.222773],[38.229833,18.231935],[38.189509,18.240827],[38.1525,18.259164],[38.145088,18.264165],[38.118327,18.282218],[38.10322,18.295362],[38.089436,18.307354],[38.089436,18.307354],[38.089436,18.307354],[38.101391,18.344864],[38.083616,18.374166],[38.051936,18.426391],[38.034141,18.450048],[38.004718,18.489164],[37.987625,18.507685],[37.978054,18.518054],[37.950273,18.540691],[37.896518,18.5725],[37.828891,18.600827],[37.785401,18.642327],[37.761936,18.664718],[37.763613,18.673094],[37.768054,18.695273],[37.750545,18.706391],[37.718862,18.711619],[37.680691,18.717918],[37.661719,18.71343],[37.642491,18.708882],[37.594718,18.708882],[37.553054,18.71],[37.516391,18.724445],[37.456502,18.82051],[37.435691,18.853891],[37.355554,19.086391],[37.354962,19.088417],[37.336391,19.151945],[37.321391,19.241945],[37.311945,19.3],[37.308327,19.358609],[37.306936,19.395691],[37.290273,19.475],[37.267636,19.5275],[37.241591,19.564582],[37.240273,19.664864],[37.240273,19.664864],[37.257636,19.687909],[37.265827,19.731664],[37.265273,19.762773],[37.257218,19.833882],[37.242773,19.864718],[37.23391,19.882761],[37.227491,19.895827],[37.225821,19.899777],[37.218327,19.9175],[37.185827,20.013473],[37.181701,20.114324],[37.177354,20.220554],[37.178854,20.276369],[37.180273,20.329164],[37.184718,20.401945],[37.200827,20.458054],[37.202051,20.458445],[37.226936,20.466391],[37.228191,20.556391],[37.223833,20.571332],[37.207773,20.626391],[37.184863,20.681527],[37.176391,20.692881],[37.171391,20.699582],[37.164163,20.796109],[37.1375,20.968054],[37.093818,21.169091],[37.093818,21.169091],[37.093818,21.169091],[37.094687,21.172691],[37.103191,21.207918],[37.153754,21.1953],[37.230273,21.129164],[37.247241,21.091087],[37.264209,21.053009],[37.264209,21.053009],[37.264209,21.053009],[37.259945,21.054354],[37.237636,21.061391],[37.237636,21.061391],[37.237636,21.061391],[37.236617,21.062695],[37.223745,21.079164],[37.205027,21.090685],[37.199373,21.094164],[37.209524,21.067477],[37.225418,21.025691],[37.2475,21.001664],[37.305691,21.017291],[37.305702,21.017845],[37.306591,21.063264],[37.266391,21.126109],[37.233327,21.166527],[37.200827,21.200554],[37.174531,21.222831],[37.163773,21.231945],[37.143609,21.248273],[37.127166,21.264225],[37.098882,21.291664],[37.069163,21.330827],[37.000273,21.431245],[36.911382,21.608609],[36.899991,21.637218],[36.874163,21.786945],[36.854163,21.971664],[36.854163,21.971664],[36.854163,21.971664],[36.854163,21.971664],[36.890714,22.003972]]]},"properties":{"cntry_name":"Sudan","area":1859620,"capname":"Khartoum","caplong":32.5342,"caplat":15.5881,"gwcode":625,"gwsdate":"08.07.2011 22:00:00","gwsyear":2011,"gwsmonth":7,"gwsday":9,"gwedate":"30.12.2019 23:00:00","gweyear":2019,"gwemonth":12,"gweday":31,"cap_geom":"SRID=4326;POINT (32.5341682434082 15.58806037902832)"}},{"type":"Feature","geometry":{"type":"Polygon","coordinates":[[[34.092234,9.477474],[33.90162,9.481212],[33.89041,9.593313],[33.918435,9.733439],[33.980091,9.78949],[33.991301,10.024902],[33.968881,10.058533],[33.952065,10.137003],[33.89041,10.137003],[33.795124,10.305155],[33.699838,10.366811],[33.475636,10.630248],[33.229013,10.703114],[33.273854,10.80961],[33.128122,11.577503],[33.189778,11.695209],[33.195383,11.78489],[33.257039,12.081958],[33.301879,12.171639],[32.730163,12.177244],[32.769399,12.059537],[32.758189,11.891386],[32.124817,11.896991],[32.41628,11.633553],[32.40507,11.151519],[32.472331,11.011392],[32.208893,10.731139],[32.012716,10.602223],[31.805329,10.249105],[31.676413,10.142609],[31.441001,9.839936],[31.272849,9.705414],[30.930941,9.705414],[30.846865,9.671784],[30.549797,9.912801],[30.129418,10.187449],[29.983686,10.25471],[29.574517,10.030507],[29.563307,9.711019],[29.114903,9.722229],[28.83465,9.458792],[28.801019,9.397136],[28.789809,9.31306],[28.072362,9.318665],[27.943446,9.576498],[27.612748,9.576498],[27.38294,9.598918],[27.141923,9.587708],[26.928931,9.531657],[26.771989,9.458792],[26.441291,9.542868],[26.357215,9.621338],[26.250719,9.895986],[26.183459,9.963247],[26.082568,10.125793],[25.987282,10.170634],[25.992887,10.366811],[25.908811,10.417256],[25.499642,10.355601],[25.185759,10.33318],[25.090473,10.181844],[25.118498,10.125793],[24.955951,9.907196],[24.883086,9.806305],[24.782195,9.76707],[24.79901,9.615733],[24.7878,9.498027],[24.647673,9.391531],[24.670094,9.329875],[24.608438,9.223379],[24.586018,9.083253],[24.619648,8.971152],[24.569203,8.864656],[24.412261,8.797395],[24.283345,8.679689],[24.240269,8.629011],[24.268327,8.5875],[24.241391,8.562218],[24.201945,8.526109],[24.163609,8.473054],[24.140273,8.375827],[24.153327,8.349164],[24.162773,8.330554],[24.184854,8.309864],[24.21,8.293054],[24.230554,8.284445],[24.253054,8.278327],[24.336936,8.262782],[24.479718,8.238054],[24.627636,8.220273],[24.66,8.218609],[24.721663,8.209718],[24.804445,8.192782],[24.843891,8.175554],[24.870136,8.160973],[24.938609,8.088609],[24.9475,8.067082],[24.943882,8.041391],[24.970273,8.003336],[25.017773,7.955282],[25.053891,7.921109],[25.084718,7.894864],[25.111736,7.891245],[25.139445,7.897782],[25.186109,7.901945],[25.225554,7.872773],[25.255827,7.845691],[25.287218,7.778891],[25.2993,7.682918],[25.293745,7.645418],[25.267709,7.626736],[25.243891,7.623336],[25.194718,7.595973],[25.182636,7.577918],[25.200273,7.516391],[25.221454,7.494309],[25.267773,7.475282],[25.335,7.420554],[25.3468,7.401391],[25.352082,7.372009],[25.369863,7.343891],[25.455,7.297782],[25.623891,7.211109],[25.729718,7.168054],[25.850273,7.109445],[25.984445,7.018336],[26.047773,6.963891],[26.052218,6.932782],[26.064163,6.903054],[26.097636,6.845691],[26.119163,6.826109],[26.270418,6.705973],[26.3159,6.700136],[26.360836,6.683336],[26.405155,6.639636],[26.366109,6.583336],[26.313609,6.496391],[26.298054,6.465554],[26.304373,6.39],[26.3725,6.346391],[26.454854,6.297782],[26.525418,6.216245],[26.528473,6.192364],[26.518745,6.169445],[26.5,6.156527],[26.463536,6.130973],[26.442773,6.102218],[26.442291,6.077427],[26.565282,6.028336],[26.612218,6.014445],[26.668891,6.007218],[26.6975,6.0175],[26.735554,6.009164],[26.812909,5.977636],[26.824027,5.960418],[26.828327,5.914445],[26.852982,5.891391],[26.923882,5.865554],[26.981663,5.859445],[27.110273,5.791109],[27.142773,5.771945],[27.201945,5.708609],[27.240836,5.647782],[27.278891,5.583891],[27.279863,5.544582],[27.257427,5.509509],[27.236318,5.426454],[27.254718,5.331391],[27.275,5.2825],[27.297782,5.230973],[27.320273,5.208336],[27.365418,5.170554],[27.400827,5.150345],[27.459718,5.0716],[27.455163,5.021075],[27.524436,4.943609],[27.660209,4.896182],[27.768891,4.787773],[27.782909,4.7575],[27.777709,4.6974],[27.771663,4.666109],[27.789445,4.600136],[27.865273,4.557082],[27.901948,4.553683],[27.929718,4.551109],[28.028054,4.502218],[28.084445,4.432782],[28.201109,4.347845],[28.363054,4.29],[28.477218,4.330836],[28.488327,4.35],[28.505836,4.373054],[28.584718,4.401945],[28.633473,4.416809],[28.6525,4.425418],[28.672773,4.455836],[28.687773,4.484582],[28.6934,4.510973],[28.7125,4.5375],[28.7825,4.557364],[28.803609,4.5191],[28.802909,4.497082],[28.827427,4.482709],[28.890273,4.477782],[28.977218,4.483818],[29.011454,4.496982],[29.131382,4.412218],[29.159445,4.386109],[29.210273,4.342082],[29.243609,4.346109],[29.325,4.39],[29.376875,4.455241],[29.432782,4.525554],[29.464163,4.591945],[29.466527,4.634718],[29.467773,4.663891],[29.494236,4.683536],[29.614718,4.656109],[29.643327,4.643609],[29.698609,4.6175],[29.813536,4.559027],[29.806391,4.496109],[29.8,4.468891],[29.7925,4.433054],[29.799163,4.375345],[29.838745,4.346873],[29.959445,4.291391],[29.987782,4.233891],[30.0618,4.131391],[30.079718,4.122364],[30.119509,4.116809],[30.148054,4.099582],[30.166663,4.039718],[30.207773,3.961664],[30.243054,3.955282],[30.275209,3.959309],[30.336109,3.940282],[30.361382,3.925282],[30.434718,3.885836],[30.494445,3.865073],[30.527218,3.873054],[30.551036,3.863818],[30.581663,3.700136],[30.581391,3.668891],[30.575136,3.641664],[30.562009,3.613264],[30.591873,3.604927],[30.631109,3.611109],[30.735209,3.637782],[30.786391,3.66],[30.847218,3.528336],[30.858818,3.493391],[30.868536,3.522573],[30.891391,3.565554],[30.954718,3.671109],[30.979163,3.694445],[31.176663,3.795282],[31.203891,3.795836],[31.286663,3.795],[31.377218,3.745554],[31.459718,3.698891],[31.540836,3.653609],[31.704027,3.714445],[31.748609,3.761391],[31.789445,3.808745],[31.821663,3.806945],[31.853473,3.784718],[31.932082,3.689164],[31.946391,3.621664],[31.951109,3.593891],[32.025836,3.591391],[32.068491,3.582218],[32.077082,3.559027],[32.090409,3.536109],[32.111245,3.526664],[32.135827,3.521109],[32.194527,3.512754],[32.200827,3.575036],[32.199773,3.609727],[32.231972,3.630789],[32.404445,3.743609],[32.479163,3.745836],[32.635273,3.751945],[32.669163,3.753336],[32.719445,3.755836],[32.800282,3.780554],[32.874718,3.803891],[32.898045,3.811945],[32.938327,3.837218],[32.978609,3.863336],[33.016663,3.888609],[33.127218,3.808336],[33.183882,3.766109],[33.245,3.764164],[33.387773,3.758054],[33.517423,3.755587],[33.996663,4.222782],[34.096109,4.320554],[34.374163,4.596664],[34.388191,4.609682],[34.407773,4.610554],[34.482218,4.611109],[34.713054,4.612218],[34.773891,4.6125],[34.821391,4.612218],[34.950273,4.612782],[35.146945,4.613891],[35.508882,4.616736],[35.546945,4.616664],[35.580827,4.616945],[35.608454,4.617745],[35.641936,4.617218],[35.675827,4.6175],[35.701688,4.618336],[35.807993,4.618779],[35.899718,4.619718],[35.932871,4.621977],[35.924718,4.640273],[35.774436,4.798609],[35.779991,5.082636],[35.802773,5.105273],[35.823609,5.136664],[35.830691,5.1684],[35.805136,5.206809],[35.796245,5.235136],[35.798745,5.265554],[35.821663,5.328609],[35.796945,5.331109],[35.774991,5.337218],[35.753745,5.346945],[35.726245,5.364445],[35.527918,5.426809],[35.504718,5.431391],[35.443709,5.425518],[35.419091,5.3984],[35.352845,5.350691],[35.326245,5.357082],[35.303054,5.377364],[35.270418,5.438336],[35.277082,5.458054],[35.2927,5.487636],[35.289991,5.507782],[35.103882,5.6325],[35.105409,5.688336],[35.028327,5.814164],[34.997818,5.860635],[34.986382,5.878054],[34.975827,5.964718],[34.989386,6.00799],[34.981382,6.061109],[34.969718,6.086527],[34.952218,6.103473],[34.922427,6.132291],[34.870554,6.2375],[34.8593,6.267218],[34.856382,6.291109],[34.85,6.366664],[34.756991,6.613782],[34.704718,6.677782],[34.679163,6.7],[34.654718,6.716664],[34.632082,6.729027],[34.602773,6.734718],[34.553609,6.735691],[34.528818,6.747218],[34.486973,6.877491],[34.4718,6.914309],[34.430954,6.935409],[34.360963,6.959027],[34.328745,6.958745],[34.299573,6.964327],[34.280554,6.975836],[34.235691,7.019718],[34.223609,7.0425],[34.193882,7.09],[34.163327,7.171664],[34.099163,7.199718],[34.027082,7.248127],[34.029745,7.280036],[34.032773,7.304445],[34.027709,7.378673],[33.885554,7.525418],[33.712491,7.658473],[33.647218,7.685],[33.464445,7.744027],[33.439163,7.744445],[33.2575,7.763609],[33.096663,7.781109],[33.052218,7.790691],[33.014973,7.846064],[32.996827,7.887218],[32.9918,7.926045],[33.031945,7.997391],[33.121382,8.100973],[33.162773,8.115],[33.185918,8.140291],[33.178054,8.2225],[33.165836,8.278327],[33.160827,8.356527],[33.171245,8.399791],[33.263536,8.461527],[33.326736,8.453682],[33.380827,8.437918],[33.508609,8.4662],[33.634373,8.467154],[33.669991,8.437082],[33.690482,8.395482],[33.715273,8.375064],[33.771327,8.367745],[33.789718,8.384445],[33.818745,8.411527],[33.852491,8.425836],[33.881527,8.430836],[33.915273,8.430554],[33.970754,8.437564],[34.002218,8.460282],[34.070827,8.523336],[34.105545,8.557782],[34.122232,8.582114],[34.1236,8.634164],[34.13,8.805827],[34.134991,8.955273],[34.100554,9.385273],[34.097773,9.419718],[34.094577,9.454305],[34.092234,9.477474]]]},"properties":{"cntry_name":"South Sudan","area":627325,"capname":"Juba","caplong":31.6,"caplat":4.85,"gwcode":626,"gwsdate":"08.07.2011 22:00:00","gwsyear":2011,"gwsmonth":7,"gwsday":9,"gwedate":"30.12.2019 23:00:00","gweyear":2019,"gwemonth":12,"gweday":31,"cap_geom":"SRID=4326;POINT (31.600000381469727 4.849999904632568)"}},{"type":"Feature","geometry":{"type":"Polygon","coordinates":[[[24.240269,8.629011],[24.201109,8.686945],[24.174463,8.695891],[24.141182,8.686736],[24.086936,8.688327],[24.051873,8.693745],[24.015554,8.703891],[23.925827,8.718054],[23.823891,8.727782],[23.781945,8.723336],[23.763745,8.714582],[23.739163,8.705273],[23.5575,8.704445],[23.529654,8.708336],[23.497636,8.7718],[23.508054,8.808054],[23.536527,8.8316],[23.562773,8.868609],[23.582636,8.912218],[23.581663,8.993745],[23.561182,9.000554],[23.532218,8.961109],[23.509863,8.958327],[23.4893,8.966245],[23.457918,8.990836],[23.448327,9.019582],[23.475832,9.137496],[23.499645,9.177218],[23.539027,9.179445],[23.564445,9.187218],[23.6493,9.275973],[23.664718,9.434718],[23.642009,9.443127],[23.626036,9.542845],[23.649436,9.579164],[23.660273,9.597773],[23.693891,9.668054],[23.669163,9.866945],[23.536663,10.083609],[23.323891,10.43],[23.309445,10.451664],[23.060273,10.664445],[23.009445,10.698609],[22.944163,10.798054],[22.901391,10.865554],[22.88,10.899718],[22.8665,10.922445],[22.825,10.931109],[22.676391,10.969445],[22.463327,11.000836],[22.432782,10.986945],[22.413818,10.964164],[22.364109,10.955045],[22.327918,10.943473],[22.244718,10.910827],[22.006109,10.768891],[21.957218,10.732218],[21.895836,10.705],[21.819718,10.678191],[21.785827,10.668336],[21.719027,10.638127],[21.7025,10.563336],[21.701109,10.520691],[21.704854,10.498054],[21.719445,10.468336],[21.737773,10.448536],[21.747218,10.409445],[21.7184,10.2966],[21.666945,10.235836],[21.638882,10.223054],[21.608745,10.212364],[21.568891,10.212918],[21.537218,10.211664],[21.520273,10.199445],[21.5,10.177773],[21.473609,10.147782],[21.454445,10.113745],[21.454163,10.092773],[21.435273,10.041809],[21.408336,10.006945],[21.363336,9.969027],[21.339163,9.958473],[21.292773,9.972082],[21.265627,9.978054],[21.225,9.9425],[21.048054,9.766391],[20.974445,9.603336],[20.894027,9.520136],[20.875691,9.511245],[20.837773,9.476391],[20.827218,9.451391],[20.808836,9.418109],[20.498473,9.275854],[20.499854,9.241664],[20.487782,9.209718],[20.459163,9.175554],[20.422218,9.139718],[20.371663,9.108327],[20.325418,9.104718],[20.270273,9.118327],[20.186945,9.125827],[20.064718,9.134864],[19.963336,9.08],[19.933754,9.057518],[19.905554,9.059164],[19.830554,9.053054],[19.610836,9.026664],[19.411391,9.016109],[19.193318,9.020991],[19.109445,9.013609],[19.086936,9.009445],[19.023473,8.984445],[18.988891,8.964164],[18.929445,8.920554],[18.8925,8.891391],[18.869718,8.861245],[18.876373,8.841427],[18.925554,8.794164],[18.987218,8.765273],[19.030691,8.754864],[19.115,8.691391],[19.125827,8.672782],[19.088609,8.641109],[19.058791,8.578382],[18.9875,8.493609],[18.9318,8.423891],[18.9225,8.392427],[18.904163,8.367218],[18.840273,8.292218],[18.802154,8.256109],[18.759163,8.243473],[18.704718,8.223609],[18.686663,8.214164],[18.665554,8.193891],[18.645273,8.165282],[18.634718,8.135273],[18.635554,8.087218],[18.618327,8.060273],[18.588891,8.040282],[18.561109,8.039718],[18.408054,8.033054],[18.240836,8.025554],[18.032773,8.013473],[17.883609,7.958336],[17.718327,7.983609],[17.648891,7.988473],[17.627636,7.967154],[17.587218,7.933745],[17.510827,7.912218],[17.450691,7.9016],[17.369445,7.867218],[17.255,7.8125],[17.237218,7.803054],[17.218609,7.758609],[17.138336,7.700554],[17.058891,7.662773],[16.984445,7.654445],[16.913327,7.6425],[16.869791,7.621245],[16.866182,7.594236],[16.86,7.569164],[16.824491,7.547805],[16.781663,7.565836],[16.636402,7.713644],[16.568054,7.783191],[16.563682,7.830209],[16.567709,7.864945],[16.533609,7.867773],[16.503054,7.850554],[16.430827,7.798054],[16.41,7.767218],[16.404163,7.714718],[16.4075,7.691109],[16.217636,7.614373],[16.187733,7.608509],[16.148609,7.600836],[16.113054,7.596109],[16.079445,7.594445],[16.034445,7.571391],[16.018745,7.540073],[15.974863,7.501318],[15.913891,7.482782],[15.782709,7.458536],[15.727918,7.476945],[15.713609,7.506809],[15.690136,7.522918],[15.642636,7.523054],[15.616945,7.518609],[15.565691,7.512636],[15.5425,7.513891],[15.518609,7.518336],[15.500226,7.527784],[15.445554,7.394718],[15.374718,7.3475],[15.299163,7.2975],[15.258923,7.26435],[15.231391,7.236109],[15.21,7.191109],[15.142082,7.016527],[15.136391,6.985282],[15.129718,6.951109],[15.052918,6.771318],[14.996109,6.740836],[14.961945,6.735973],[14.938027,6.686491],[14.826663,6.433609],[14.796945,6.39],[14.805,6.346664],[14.742363,6.264718],[14.580273,6.188891],[14.449163,6.096109],[14.429791,6.079682],[14.418891,6.040973],[14.424163,6.006945],[14.492845,5.915973],[14.556363,5.906636],[14.580273,5.927218],[14.604718,5.922218],[14.617218,5.901245],[14.623054,5.833891],[14.6268,5.724718],[14.622363,5.520691],[14.617218,5.495836],[14.591391,5.404718],[14.565973,5.358891],[14.551391,5.3425],[14.532636,5.291245],[14.553609,5.267782],[14.585418,5.245273],[14.605136,5.237918],[14.624718,5.233609],[14.651454,5.219509],[14.6725,5.18],[14.687791,5.119073],[14.686036,5.0375],[14.674395,5.013804],[14.691109,4.981391],[14.710836,4.878054],[14.720418,4.805282],[14.720273,4.723336],[14.723473,4.643745],[14.737363,4.615345],[14.8043,4.538127],[14.892218,4.476664],[14.930554,4.460554],[15.013682,4.414718],[15.086945,4.294718],[15.093609,4.266809],[15.093609,4.235],[15.103473,4.140418],[15.145,4.071809],[15.043891,4.029164],[15.063891,3.961391],[15.076945,3.920554],[15.122218,3.858891],[15.1375,3.838336],[15.224163,3.721945],[15.263723,3.670355],[15.295273,3.639718],[15.590273,3.344718],[15.767773,3.1475],[15.817563,3.100418],[15.865273,3.108336],[15.906945,3.1125],[15.94,3.100554],[16.073609,2.943336],[16.103054,2.898336],[16.111945,2.858609],[16.112354,2.825627],[16.086663,2.803745],[16.070554,2.790836],[16.090554,2.538054],[16.094718,2.497782],[16.106109,2.4325],[16.111382,2.410554],[16.133473,2.354864],[16.179718,2.26],[16.1925,2.2375],[16.205476,2.217868],[16.270836,2.355554],[16.305827,2.43],[16.404163,2.639718],[16.441318,2.720009],[16.480273,2.802218],[16.501663,2.849445],[16.495554,2.884309],[16.469509,2.910973],[16.466109,2.949718],[16.482709,3.155],[16.4925,3.181109],[16.505,3.2025],[16.527773,3.234164],[16.558745,3.330973],[16.568473,3.410282],[16.573682,3.449654],[16.586245,3.477918],[16.643054,3.522782],[16.664445,3.535418],[16.699163,3.545282],[16.876663,3.565836],[16.957427,3.554864],[17.109718,3.5675],[17.348891,3.613164],[17.415963,3.680573],[17.463609,3.711109],[17.491109,3.710073],[17.521945,3.686109],[17.540923,3.671281],[17.563891,3.653336],[17.615273,3.629718],[17.642218,3.629445],[17.681109,3.63],[17.763336,3.627218],[17.829373,3.616045],[17.84,3.586109],[17.858054,3.536664],[17.909445,3.552782],[18.043327,3.565836],[18.065827,3.566945],[18.110973,3.562218],[18.147563,3.547709],[18.162363,3.525282],[18.169373,3.490073],[18.193609,3.4825],[18.214718,3.487918],[18.235136,3.501245],[18.250554,3.526527],[18.262254,3.564336],[18.451945,3.616245],[18.479718,3.640836],[18.530691,3.601182],[18.568336,3.538891],[18.581391,3.501109],[18.600763,3.481527],[18.624954,3.479445],[18.618609,3.549445],[18.598327,3.666109],[18.5925,3.700836],[18.590691,3.725836],[18.595,3.769164],[18.610554,3.866945],[18.643932,3.970432],[18.648191,3.993054],[18.647082,4.0275],[18.643891,4.053891],[18.630273,4.134718],[18.5925,4.228745],[18.567363,4.260973],[18.543745,4.288336],[18.535763,4.311664],[18.544445,4.34],[18.567218,4.361809],[18.591036,4.370073],[18.628745,4.354236],[18.7075,4.367218],[18.733054,4.378891],[18.751663,4.390554],[18.771245,4.415282],[18.793891,4.460282],[18.803609,4.484718],[18.8225,4.543745],[18.839445,4.577782],[18.955554,4.712218],[18.987918,4.740554],[19.028609,4.815],[19.064163,4.889654],[19.085418,4.914718],[19.106391,4.9325],[19.185409,4.944236],[19.207773,4.969164],[19.227918,4.999864],[19.4159,5.131036],[19.557218,5.150554],[19.6493,5.142782],[19.700482,5.136664],[19.76,5.118336],[19.812636,5.099864],[19.841391,5.084509],[19.858109,5.061854],[19.880418,5.011664],[19.901391,4.995136],[19.927218,4.987218],[19.951663,4.984445],[19.978054,4.983745],[20.002082,4.977218],[20.178336,4.872218],[20.3393,4.7675],[20.457982,4.619309],[20.453041,4.523087],[20.476663,4.498891],[20.571945,4.4175],[20.599791,4.407982],[20.715273,4.426664],[20.835554,4.448891],[20.873891,4.445282],[20.969863,4.4325],[21.034445,4.408891],[21.077918,4.389236],[21.103263,4.350282],[21.163745,4.305554],[21.208609,4.288891],[21.513882,4.247218],[21.548263,4.246245],[21.576391,4.255282],[21.597082,4.271945],[21.630691,4.2925],[21.655136,4.299164],[21.736663,4.295691],[21.830827,4.265273],[21.986945,4.246391],[22.037354,4.225273],[22.0975,4.215836],[22.119445,4.204027],[22.150973,4.176318],[22.193054,4.155554],[22.213191,4.148609],[22.251945,4.136527],[22.285554,4.129445],[22.346663,4.1275],[22.386454,4.128264],[22.421527,4.134445],[22.4536,4.144582],[22.497218,4.178891],[22.538263,4.219236],[22.570273,4.331945],[22.587218,4.411664],[22.588054,4.453336],[22.5993,4.474309],[22.628745,4.487218],[22.661109,4.482782],[22.683682,4.479864],[22.725973,4.572782],[22.754445,4.653891],[22.780282,4.712427],[22.847573,4.723127],[22.893327,4.820136],[22.970691,4.831182],[22.9975,4.792773],[23.0168,4.749582],[23.098818,4.7075],[23.211936,4.681945],[23.3259,4.600073],[23.3825,4.588054],[23.424509,4.593745],[23.429582,4.631809],[23.439718,4.650482],[23.579718,4.732364],[23.826663,4.819373],[23.888609,4.823891],[24.063054,4.901664],[24.191663,4.941945],[24.239718,4.958891],[24.3675,5.008891],[24.397918,5.035282],[24.357354,5.057009],[24.387291,5.112154],[24.459445,5.105418],[24.476218,5.098427],[24.525554,5.077218],[24.605,5.022009],[24.642773,4.973054],[24.734445,4.910836],[24.777773,4.915282],[24.818336,4.938891],[24.950827,4.985836],[24.974163,4.9875],[24.995691,4.982636],[25.089718,4.973609],[25.181945,4.995836],[25.227773,5.006945],[25.29,5.025],[25.316182,5.041454],[25.343609,5.111664],[25.348682,5.142845],[25.328609,5.153191],[25.310418,5.175282],[25.312218,5.196109],[25.339163,5.263336],[25.361945,5.314718],[25.540136,5.380691],[25.584582,5.364864],[25.635554,5.305273],[25.715554,5.283054],[25.815554,5.236391],[25.891663,5.1925],[25.911391,5.178609],[26.028054,5.190691],[26.065554,5.1975],[26.089582,5.206664],[26.108609,5.234164],[26.1275,5.249164],[26.1975,5.232782],[26.393891,5.132782],[26.446109,5.088191],[26.462709,5.059164],[26.494718,5.045554],[26.520836,5.041945],[26.620827,5.068609],[26.680273,5.088054],[26.715554,5.0925],[26.7584,5.087636],[26.793054,5.058054],[26.869445,5.030973],[26.884718,5.066109],[26.908336,5.103054],[26.941527,5.143609],[27.008609,5.177782],[27.0275,5.185836],[27.066663,5.201109],[27.090273,5.203473],[27.142082,5.195],[27.313327,5.123609],[27.402354,5.084582],[27.424582,5.069718],[27.455163,5.021075],[27.459718,5.0716],[27.400827,5.150345],[27.365418,5.170554],[27.320273,5.208336],[27.297782,5.230973],[27.275,5.2825],[27.254718,5.331391],[27.236318,5.426454],[27.257427,5.509509],[27.279863,5.544582],[27.278891,5.583891],[27.240836,5.647782],[27.201945,5.708609],[27.142773,5.771945],[27.110273,5.791109],[26.981663,5.859445],[26.923882,5.865554],[26.852982,5.891391],[26.828327,5.914445],[26.824027,5.960418],[26.812909,5.977636],[26.735554,6.009164],[26.6975,6.0175],[26.668891,6.007218],[26.612218,6.014445],[26.565282,6.028336],[26.442291,6.077427],[26.442773,6.102218],[26.463536,6.130973],[26.5,6.156527],[26.518745,6.169445],[26.528473,6.192364],[26.525418,6.216245],[26.454854,6.297782],[26.3725,6.346391],[26.304373,6.39],[26.298054,6.465554],[26.313609,6.496391],[26.366109,6.583336],[26.405155,6.639636],[26.360836,6.683336],[26.3159,6.700136],[26.270418,6.705973],[26.119163,6.826109],[26.097636,6.845691],[26.064163,6.903054],[26.052218,6.932782],[26.047773,6.963891],[25.984445,7.018336],[25.850273,7.109445],[25.729718,7.168054],[25.623891,7.211109],[25.455,7.297782],[25.369863,7.343891],[25.352082,7.372009],[25.3468,7.401391],[25.335,7.420554],[25.267773,7.475282],[25.221454,7.494309],[25.200273,7.516391],[25.182636,7.577918],[25.194718,7.595973],[25.243891,7.623336],[25.267709,7.626736],[25.293745,7.645418],[25.2993,7.682918],[25.287218,7.778891],[25.255827,7.845691],[25.225554,7.872773],[25.186109,7.901945],[25.139445,7.897782],[25.111736,7.891245],[25.084718,7.894864],[25.053891,7.921109],[25.017773,7.955282],[24.970273,8.003336],[24.943882,8.041391],[24.9475,8.067082],[24.938609,8.088609],[24.870136,8.160973],[24.843891,8.175554],[24.804445,8.192782],[24.721663,8.209718],[24.66,8.218609],[24.627636,8.220273],[24.479718,8.238054],[24.336936,8.262782],[24.253054,8.278327],[24.230554,8.284445],[24.21,8.293054],[24.184854,8.309864],[24.162773,8.330554],[24.153327,8.349164],[24.140273,8.375827],[24.163609,8.473054],[24.201945,8.526109],[24.241391,8.562218],[24.268327,8.5875],[24.240269,8.629011]]]},"properties":{"cntry_name":"Central African Republic","area":618631,"capname":"Bangui","caplong":18.5829,"caplat":4.36808,"gwcode":482,"gwsdate":"12.08.1960 23:00:00","gwsyear":1960,"gwsmonth":8,"gwsday":13,"gwedate":"30.12.2019 23:00:00","gweyear":2019,"gwemonth":12,"gweday":31,"cap_geom":"SRID=4326;POINT (18.582937240600586 4.368080139160156)"}},{"type":"Feature","geometry":{"type":"Polygon","coordinates":[[[22.8665,10.922445],[22.893609,10.976945],[22.974091,11.209791],[22.971391,11.280273],[22.933191,11.408745],[22.790273,11.429445],[22.648327,11.511809],[22.625554,11.534445],[22.613327,11.550554],[22.575273,11.601945],[22.559027,11.629027],[22.553191,11.665973],[22.572773,11.799164],[22.597773,11.926664],[22.611382,11.992773],[22.563609,12.074718],[22.503327,12.165836],[22.439027,12.347218],[22.407636,12.485136],[22.4643,12.614864],[22.331663,12.673336],[22.223327,12.747218],[22.199718,12.715554],[22.161945,12.668745],[22.145273,12.657364],[22.119854,12.648609],[22.074445,12.64],[22.05,12.6375],[22.004718,12.636391],[21.977218,12.638609],[21.952773,12.643891],[21.925554,12.656109],[21.906945,12.669445],[21.888473,12.693054],[21.8291,12.7972],[21.891945,12.954445],[21.942082,13.051245],[22.025,13.140273],[22.0675,13.148609],[22.153054,13.186527],[22.269445,13.320836],[22.285,13.340554],[22.294654,13.372709],[22.2275,13.495554],[22.136109,13.665],[22.084445,13.779164],[22.198327,13.9225],[22.2343,13.965554],[22.317082,14.010691],[22.370827,14.028891],[22.434445,14.051664],[22.556182,14.129791],[22.5668,14.167218],[22.553745,14.229027],[22.511663,14.240273],[22.449445,14.33],[22.449163,14.379164],[22.446109,14.473745],[22.438191,14.492773],[22.384718,14.5251],[22.386527,14.562636],[22.398609,14.586245],[22.416109,14.600273],[22.47,14.629445],[22.5,14.637436],[22.699927,14.7041],[22.679863,14.758054],[22.669582,14.814027],[22.669163,14.853745],[22.753327,14.976945],[22.786109,15.015],[22.845691,15.074864],[22.872773,15.096945],[22.892773,15.104718],[22.929373,15.114027],[22.978745,15.207918],[22.984718,15.231109],[22.991391,15.283336],[22.997218,15.335836],[22.997154,15.371318],[22.982709,15.414236],[22.935418,15.464718],[22.923054,15.487218],[22.919582,15.515691],[22.923336,15.540136],[22.937218,15.561945],[23.113382,15.708341],[23.143609,15.711109],[23.170273,15.710554],[23.244445,15.701109],[23.305554,15.686945],[23.329718,15.683609],[23.356945,15.681664],[23.381382,15.685],[23.409027,15.690836],[23.433891,15.700836],[23.460136,15.716809],[23.479163,15.725827],[23.531663,15.741664],[23.564163,15.749718],[23.603054,15.7575],[23.663327,15.7575],[23.800418,15.747918],[23.865,15.730554],[23.951109,15.705554],[23.973191,15.697918],[23.997563,15.702845],[24,15.832773],[24,16.132773],[23.999163,16.266109],[23.999163,18.220685],[23.999163,18.299445],[23.999163,18.5325],[23.999809,18.7543],[23.999163,18.832773],[23.999445,19.432782],[23.999718,19.465827],[24.001859,19.506614],[23.456663,19.789445],[23.020554,20.017773],[22.321391,20.38],[21.781663,20.656109],[21.381945,20.858745],[20.959445,21.0725],[20.408336,21.3475],[19.873891,21.611664],[19.298054,21.893891],[19.070741,22.003908],[18.999718,22.038282],[18.768327,22.150273],[18.363609,22.344445],[18.036636,22.5],[17.687182,22.666254],[17.656327,22.680918],[16.980273,22.998336],[16.346109,23.292218],[16.000827,23.450554],[15.335282,23.153327],[15.132773,23.062218],[14.997891,23.000591],[15.006945,22.959445],[15.047782,22.751664],[15.154463,22.202773],[15.194718,21.998882],[15.1975,21.82],[15.199445,21.655282],[15.2,21.614164],[15.201391,21.517773],[15.209582,21.491809],[15.284445,21.445273],[15.533336,21.089718],[15.583054,21.018609],[15.615691,20.951182],[15.584445,20.93],[15.566109,20.905554],[15.556663,20.875273],[15.554163,20.8525],[15.557218,20.815827],[15.5775,20.765973],[15.612363,20.7318],[15.633054,20.716664],[15.668336,20.700691],[15.996663,20.353054],[15.981945,20.326382],[15.873336,20.139718],[15.804163,20.02],[15.753891,19.9325],[15.730273,19.755273],[15.713054,19.618891],[15.634163,19.018891],[15.610836,18.841664],[15.6025,18.782218],[15.574445,18.289718],[15.573054,18.248882],[15.558982,17.999454],[15.523609,17.36],[15.489718,16.920973],[15.483818,16.896268],[15.456945,16.867773],[15.354163,16.761109],[15.238609,16.641391],[15.122218,16.521382],[14.904445,16.294718],[14.572218,15.947773],[14.368891,15.733891],[14.271663,15.596945],[14.195554,15.489164],[14.072218,15.313891],[13.997218,15.205827],[13.859163,15.037773],[13.786391,14.888891],[13.767218,14.848054],[13.778609,14.802218],[13.794163,14.732773],[13.759163,14.705554],[13.682918,14.608473],[13.684445,14.579445],[13.674373,14.552291],[13.647782,14.531664],[13.62245,14.518964],[13.5475,14.511809],[13.517218,14.496945],[13.494718,14.484445],[13.475827,14.468054],[13.465,14.450836],[13.461945,14.430554],[13.561937,13.994529],[13.598523,13.836312],[13.629918,13.711114],[13.760018,13.5278],[13.901082,13.328218],[14.074372,13.074802],[14.159718,13.083054],[14.435973,13.085],[14.460687,13.060069],[14.472773,13.040273],[14.486747,13.020006],[14.505918,12.995939],[14.525554,12.975],[14.538904,12.860066],[14.546245,12.771664],[14.581527,12.738054],[14.6242,12.7346],[14.708745,12.714718],[14.822427,12.633773],[14.902345,12.375973],[14.90749,12.328382],[14.905061,12.271192],[14.902218,12.228336],[14.898302,12.194532],[14.894336,12.155809],[14.951769,12.097567],[14.972806,12.091561],[15.010298,12.084726],[15.0426,12.078891],[15.081945,11.754718],[15.0625,11.69],[15.090763,11.588191],[15.1093,11.496527],[15.067636,11.436664],[15.050973,11.394864],[15.018263,11.202154],[15.019163,11.136945],[15.026063,11.079409],[15.058161,10.966351],[15.076001,10.903083],[15.077218,10.880136],[15.066391,10.845],[15.058054,10.825282],[15.058191,10.801945],[15.092218,10.731664],[15.114914,10.704295],[15.136663,10.660554],[15.147792,10.623004],[15.169754,10.560248],[15.190282,10.502773],[15.276945,10.390554],[15.373054,10.248609],[15.499027,10.101391],[15.515485,10.090312],[15.541945,10.0725],[15.583843,10.052043],[15.630282,10.027218],[15.653473,10.011809],[15.669204,9.989419],[15.591663,9.967218],[15.543387,9.955624],[15.422218,9.926945],[15.367265,9.94552],[15.284163,9.973609],[15.238702,9.987527],[15.151576,9.988013],[15.123376,9.984077],[15.101245,9.975827],[15.086926,9.959383],[15.058734,9.949659],[15.035594,9.949015],[15.0175,9.949718],[14.926663,9.970064],[14.783473,9.923191],[14.652773,9.959164],[14.508283,9.989271],[14.486109,9.993891],[14.458493,9.997125],[14.194773,9.981754],[14.180644,9.936117],[14.137049,9.853696],[14.123336,9.831664],[14.108609,9.811391],[14.0775,9.783609],[14.054129,9.770792],[14.028762,9.751889],[14.01,9.73],[13.989779,9.697738],[13.957636,9.646454],[13.969057,9.630268],[14.007845,9.6175],[14.328609,9.258336],[14.352415,9.229366],[14.348054,9.196945],[14.559445,9.0075],[14.621109,8.960554],[14.832773,8.813609],[14.863515,8.814223],[14.88787,8.800733],[14.922782,8.775273],[15.074163,8.643609],[15.207218,8.477364],[15.215823,8.457666],[15.2252,8.4362],[15.238394,8.403803],[15.264718,8.339164],[15.343609,8.171945],[15.364013,8.138099],[15.376527,8.112082],[15.380273,8.077773],[15.389163,8.039582],[15.433336,7.911664],[15.444718,7.882218],[15.477918,7.810273],[15.502291,7.774927],[15.524027,7.773891],[15.579982,7.760409],[15.581945,7.736109],[15.5843,7.690136],[15.572773,7.63],[15.559195,7.604708],[15.547009,7.582009],[15.500226,7.527784],[15.518609,7.518336],[15.5425,7.513891],[15.565691,7.512636],[15.616945,7.518609],[15.642636,7.523054],[15.690136,7.522918],[15.713609,7.506809],[15.727918,7.476945],[15.782709,7.458536],[15.913891,7.482782],[15.974863,7.501318],[16.018745,7.540073],[16.034445,7.571391],[16.079445,7.594445],[16.113054,7.596109],[16.148609,7.600836],[16.187733,7.608509],[16.217636,7.614373],[16.4075,7.691109],[16.404163,7.714718],[16.41,7.767218],[16.430827,7.798054],[16.503054,7.850554],[16.533609,7.867773],[16.567709,7.864945],[16.563682,7.830209],[16.568054,7.783191],[16.636402,7.713644],[16.781663,7.565836],[16.824491,7.547805],[16.86,7.569164],[16.866182,7.594236],[16.869791,7.621245],[16.913327,7.6425],[16.984445,7.654445],[17.058891,7.662773],[17.138336,7.700554],[17.218609,7.758609],[17.237218,7.803054],[17.255,7.8125],[17.369445,7.867218],[17.450691,7.9016],[17.510827,7.912218],[17.587218,7.933745],[17.627636,7.967154],[17.648891,7.988473],[17.718327,7.983609],[17.883609,7.958336],[18.032773,8.013473],[18.240836,8.025554],[18.408054,8.033054],[18.561109,8.039718],[18.588891,8.040282],[18.618327,8.060273],[18.635554,8.087218],[18.634718,8.135273],[18.645273,8.165282],[18.665554,8.193891],[18.686663,8.214164],[18.704718,8.223609],[18.759163,8.243473],[18.802154,8.256109],[18.840273,8.292218],[18.904163,8.367218],[18.9225,8.392427],[18.9318,8.423891],[18.9875,8.493609],[19.058791,8.578382],[19.088609,8.641109],[19.125827,8.672782],[19.115,8.691391],[19.030691,8.754864],[18.987218,8.765273],[18.925554,8.794164],[18.876373,8.841427],[18.869718,8.861245],[18.8925,8.891391],[18.929445,8.920554],[18.988891,8.964164],[19.023473,8.984445],[19.086936,9.009445],[19.109445,9.013609],[19.193318,9.020991],[19.411391,9.016109],[19.610836,9.026664],[19.830554,9.053054],[19.905554,9.059164],[19.933754,9.057518],[19.963336,9.08],[20.064718,9.134864],[20.186945,9.125827],[20.270273,9.118327],[20.325418,9.104718],[20.371663,9.108327],[20.422218,9.139718],[20.459163,9.175554],[20.487782,9.209718],[20.499854,9.241664],[20.498473,9.275854],[20.808836,9.418109],[20.827218,9.451391],[20.837773,9.476391],[20.875691,9.511245],[20.894027,9.520136],[20.974445,9.603336],[21.048054,9.766391],[21.225,9.9425],[21.265627,9.978054],[21.292773,9.972082],[21.339163,9.958473],[21.363336,9.969027],[21.408336,10.006945],[21.435273,10.041809],[21.454163,10.092773],[21.454445,10.113745],[21.473609,10.147782],[21.5,10.177773],[21.520273,10.199445],[21.537218,10.211664],[21.568891,10.212918],[21.608745,10.212364],[21.638882,10.223054],[21.666945,10.235836],[21.7184,10.2966],[21.747218,10.409445],[21.737773,10.448536],[21.719445,10.468336],[21.704854,10.498054],[21.701109,10.520691],[21.7025,10.563336],[21.719027,10.638127],[21.785827,10.668336],[21.819718,10.678191],[21.895836,10.705],[21.957218,10.732218],[22.006109,10.768891],[22.244718,10.910827],[22.327918,10.943473],[22.364109,10.955045],[22.413818,10.964164],[22.432782,10.986945],[22.463327,11.000836],[22.676391,10.969445],[22.825,10.931109],[22.8665,10.922445]]]},"properties":{"cntry_name":"Chad","area":1271910,"capname":"N'Djamena","caplong":15.2167,"caplat":11.7167,"gwcode":483,"gwsdate":"10.08.1960 23:00:00","gwsyear":1960,"gwsmonth":8,"gwsday":11,"gwedate":"30.12.2019 23:00:00","gweyear":2019,"gwemonth":12,"gweday":31,"cap_geom":"SRID=4326;POINT (15.216670036315918 11.716670036315918)"}},{"type":"Feature","geometry":{"type":"Polygon","coordinates":[[[27.455163,5.021075],[27.424582,5.069718],[27.402354,5.084582],[27.313327,5.123609],[27.142082,5.195],[27.090273,5.203473],[27.066663,5.201109],[27.0275,5.185836],[27.008609,5.177782],[26.941527,5.143609],[26.908336,5.103054],[26.884718,5.066109],[26.869445,5.030973],[26.793054,5.058054],[26.7584,5.087636],[26.715554,5.0925],[26.680273,5.088054],[26.620827,5.068609],[26.520836,5.041945],[26.494718,5.045554],[26.462709,5.059164],[26.446109,5.088191],[26.393891,5.132782],[26.1975,5.232782],[26.1275,5.249164],[26.108609,5.234164],[26.089582,5.206664],[26.065554,5.1975],[26.028054,5.190691],[25.911391,5.178609],[25.891663,5.1925],[25.815554,5.236391],[25.715554,5.283054],[25.635554,5.305273],[25.584582,5.364864],[25.540136,5.380691],[25.361945,5.314718],[25.339163,5.263336],[25.312218,5.196109],[25.310418,5.175282],[25.328609,5.153191],[25.348682,5.142845],[25.343609,5.111664],[25.316182,5.041454],[25.29,5.025],[25.227773,5.006945],[25.181945,4.995836],[25.089718,4.973609],[24.995691,4.982636],[24.974163,4.9875],[24.950827,4.985836],[24.818336,4.938891],[24.777773,4.915282],[24.734445,4.910836],[24.642773,4.973054],[24.605,5.022009],[24.525554,5.077218],[24.476218,5.098427],[24.459445,5.105418],[24.387291,5.112154],[24.357354,5.057009],[24.397918,5.035282],[24.3675,5.008891],[24.239718,4.958891],[24.191663,4.941945],[24.063054,4.901664],[23.888609,4.823891],[23.826663,4.819373],[23.579718,4.732364],[23.439718,4.650482],[23.429582,4.631809],[23.424509,4.593745],[23.3825,4.588054],[23.3259,4.600073],[23.211936,4.681945],[23.098818,4.7075],[23.0168,4.749582],[22.9975,4.792773],[22.970691,4.831182],[22.893327,4.820136],[22.847573,4.723127],[22.780282,4.712427],[22.754445,4.653891],[22.725973,4.572782],[22.683682,4.479864],[22.661109,4.482782],[22.628745,4.487218],[22.5993,4.474309],[22.588054,4.453336],[22.587218,4.411664],[22.570273,4.331945],[22.538263,4.219236],[22.497218,4.178891],[22.4536,4.144582],[22.421527,4.134445],[22.386454,4.128264],[22.346663,4.1275],[22.285554,4.129445],[22.251945,4.136527],[22.213191,4.148609],[22.193054,4.155554],[22.150973,4.176318],[22.119445,4.204027],[22.0975,4.215836],[22.037354,4.225273],[21.986945,4.246391],[21.830827,4.265273],[21.736663,4.295691],[21.655136,4.299164],[21.630691,4.2925],[21.597082,4.271945],[21.576391,4.255282],[21.548263,4.246245],[21.513882,4.247218],[21.208609,4.288891],[21.163745,4.305554],[21.103263,4.350282],[21.077918,4.389236],[21.034445,4.408891],[20.969863,4.4325],[20.873891,4.445282],[20.835554,4.448891],[20.715273,4.426664],[20.599791,4.407982],[20.571945,4.4175],[20.476663,4.498891],[20.453041,4.523087],[20.457982,4.619309],[20.3393,4.7675],[20.178336,4.872218],[20.002082,4.977218],[19.978054,4.983745],[19.951663,4.984445],[19.927218,4.987218],[19.901391,4.995136],[19.880418,5.011664],[19.858109,5.061854],[19.841391,5.084509],[19.812636,5.099864],[19.76,5.118336],[19.700482,5.136664],[19.6493,5.142782],[19.557218,5.150554],[19.4159,5.131036],[19.227918,4.999864],[19.207773,4.969164],[19.185409,4.944236],[19.106391,4.9325],[19.085418,4.914718],[19.064163,4.889654],[19.028609,4.815],[18.987918,4.740554],[18.955554,4.712218],[18.839445,4.577782],[18.8225,4.543745],[18.803609,4.484718],[18.793891,4.460282],[18.771245,4.415282],[18.751663,4.390554],[18.733054,4.378891],[18.7075,4.367218],[18.628745,4.354236],[18.591036,4.370073],[18.567218,4.361809],[18.544445,4.34],[18.535763,4.311664],[18.543745,4.288336],[18.567363,4.260973],[18.5925,4.228745],[18.630273,4.134718],[18.643891,4.053891],[18.647082,4.0275],[18.648191,3.993054],[18.643932,3.970432],[18.610554,3.866945],[18.595,3.769164],[18.590691,3.725836],[18.5925,3.700836],[18.598327,3.666109],[18.618609,3.549445],[18.624954,3.479445],[18.632354,3.453609],[18.643609,3.318473],[18.6418,3.2075],[18.615827,3.138054],[18.598054,3.118609],[18.579718,3.103054],[18.559163,3.089718],[18.540845,3.076291],[18.47,2.915836],[18.413327,2.776109],[18.382773,2.701664],[18.342782,2.612782],[18.317218,2.5775],[18.300554,2.563745],[18.274582,2.549027],[18.237082,2.521736],[18.227363,2.490554],[18.227218,2.457782],[18.223745,2.415973],[18.206945,2.388609],[18.1625,2.327364],[18.1268,2.301809],[18.110554,2.280554],[18.091873,2.222427],[18.075,2.066945],[18.0725,2.036391],[18.065282,1.875],[18.073054,1.756945],[18.077773,1.728891],[18.078609,1.668891],[18.075691,1.563336],[18.070273,1.528891],[17.978882,1.245554],[17.9525,1.173891],[17.938745,1.139582],[17.925554,1.115136],[17.898891,1.080282],[17.885,1.053054],[17.877354,1.029864],[17.873609,0.992364],[17.875554,0.970554],[17.881591,0.933291],[17.8893,0.899309],[17.8993,0.863054],[17.905827,0.828891],[17.907618,0.796391],[17.903745,0.742364],[17.889582,0.6875],[17.895,0.6],[17.922154,0.5575],[17.966527,0.475],[17.968327,0.453054],[17.961109,0.399718],[17.955973,0.369864],[17.945827,0.342782],[17.931109,0.323336],[17.9125,0.301109],[17.873054,0.2575],[17.839718,0.218891],[17.801945,0.143609],[17.796527,0.119445],[17.770273,0.018336],[17.743054,-0.064164],[17.726109,-0.114718],[17.715691,-0.142082],[17.71,-0.174164],[17.709163,-0.204027],[17.71,-0.226946],[17.715273,-0.259446],[17.736663,-0.316946],[17.742363,-0.339164],[17.745827,-0.376391],[17.741391,-0.413336],[17.736109,-0.449718],[17.721945,-0.51],[17.712218,-0.544718],[17.6975,-0.574718],[17.6818,-0.603755],[17.618609,-0.695136],[17.5583,-0.763809],[17.548891,-0.779718],[17.397773,-0.941109],[17.323054,-1.004164],[17.298609,-1.020691],[17.271245,-1.034446],[17.248891,-1.039446],[17.2125,-1.044718],[17.159163,-1.054236],[17.121945,-1.068336],[17.065066,-1.09976],[16.968054,-1.153891],[16.946391,-1.173609],[16.878609,-1.236664],[16.861945,-1.254446],[16.801527,-1.324446],[16.750554,-1.411109],[16.738609,-1.433609],[16.719718,-1.469718],[16.711109,-1.488891],[16.678054,-1.572782],[16.670404,-1.5951],[16.6568,-1.64],[16.6275,-1.686391],[16.603609,-1.724446],[16.544163,-1.830282],[16.530605,-1.8579],[16.513609,-1.8825],[16.462218,-1.9375],[16.4075,-1.988055],[16.3675,-2.023891],[16.3375,-2.048891],[16.269718,-2.090836],[16.243891,-2.113191],[16.206945,-2.158891],[16.194027,-2.180973],[16.187218,-2.214164],[16.183891,-2.245836],[16.183891,-2.306946],[16.186109,-2.359164],[16.188054,-2.394582],[16.215691,-2.527218],[16.214027,-2.702082],[16.208054,-2.723609],[16.202773,-2.753055],[16.182636,-2.878755],[16.182218,-2.911664],[16.186818,-2.93865],[16.195827,-3.000555],[16.193336,-3.096109],[16.188609,-3.133336],[16.196945,-3.263891],[16.218609,-3.283473],[16.227082,-3.3025],[16.226945,-3.328336],[16.219163,-3.348336],[16.1875,-3.413891],[16.128609,-3.521664],[16.105827,-3.560836],[16.0843,-3.587782],[16.058336,-3.606809],[15.979163,-3.766391],[15.924445,-3.885],[15.885391,-3.947059],[15.862218,-3.960555],[15.835827,-3.971809],[15.768054,-3.986109],[15.691945,-3.995555],[15.584445,-4.031946],[15.564445,-4.039164],[15.535273,-4.058191],[15.520691,-4.078191],[15.516109,-4.096391],[15.484477,-4.146713],[15.488054,-4.177364],[15.485836,-4.217636],[15.468054,-4.251809],[15.451391,-4.272918],[15.415836,-4.295691],[15.391245,-4.290418],[15.351391,-4.281664],[15.330336,-4.277768],[15.278677,-4.30125],[15.218054,-4.334027],[15.196391,-4.353891],[15.149436,-4.423564],[15.133609,-4.450136],[15.0925,-4.502082],[15.0725,-4.52],[15.015418,-4.559309],[14.926663,-4.649864],[14.910827,-4.669446],[14.893054,-4.7],[14.875273,-4.737782],[14.832009,-4.819027],[14.706109,-4.892636],[14.6693,-4.907218],[14.638745,-4.907155],[14.586245,-4.884927],[14.562773,-4.861809],[14.488263,-4.8409],[14.416677,-4.880591],[14.411663,-4.827218],[14.418891,-4.756391],[14.383609,-4.625],[14.367327,-4.5551],[14.393473,-4.524582],[14.417218,-4.513891],[14.446391,-4.488336],[14.476663,-4.456391],[14.487082,-4.429309],[14.405836,-4.282782],[14.372218,-4.283336],[14.301391,-4.308336],[14.008336,-4.453336],[13.960345,-4.494864],[13.905473,-4.489436],[13.850136,-4.439164],[13.815273,-4.421946],[13.783054,-4.423891],[13.730273,-4.448336],[13.729027,-4.476664],[13.739582,-4.510555],[13.741109,-4.536109],[13.739445,-4.562218],[13.699582,-4.725836],[13.600345,-4.781664],[13.579027,-4.779091],[13.543473,-4.753091],[13.503536,-4.775209],[13.514791,-4.793191],[13.412082,-4.882782],[13.193054,-4.681946],[13.183191,-4.657636],[13.175691,-4.630973],[13.141945,-4.585691],[13.119445,-4.573609],[13.095209,-4.579027],[13.087624,-4.631003],[13.077636,-4.669864],[13.042218,-4.668473],[12.856663,-4.715136],[12.820554,-4.7375],[12.712218,-4.878055],[12.709509,-4.907427],[12.606945,-4.998055],[12.572218,-5.021809],[12.532218,-5.115836],[12.535273,-5.273609],[12.526663,-5.724164],[12.485,-5.725282],[12.367218,-5.730555],[12.274582,-5.736664],[12.229863,-5.755073],[12.214554,-5.768555],[12.235,-5.812918],[12.265,-5.864718],[12.315398,-5.909543],[12.435836,-6.016664],[12.524718,-6.006946],[12.659718,-5.979309],[12.714236,-5.950764],[12.722636,-5.911946],[12.738378,-5.889377],[12.758191,-5.860973],[12.897918,-5.811946],[12.974791,-5.827709],[12.998054,-5.843336],[13.107918,-5.869164],[13.178882,-5.856327],[13.177076,-5.858485],[13.245,-5.861391],[13.405273,-5.854446],[13.458609,-5.848473],[13.513336,-5.854164],[13.541036,-5.864791],[13.759718,-5.8625],[13.938609,-5.840836],[13.973336,-5.836391],[13.9975,-5.848609],[14.080273,-5.866391],[14.242773,-5.885555],[14.341663,-5.893336],[14.596391,-5.908055],[14.712427,-5.880418],[14.758473,-5.878018],[14.851109,-5.8725],[15.076391,-5.862782],[15.686109,-5.857082],[15.812636,-5.869718],[15.928336,-5.861391],[16.100073,-5.859373],[16.143054,-5.856391],[16.215827,-5.8525],[16.319718,-5.852218],[16.368327,-5.853055],[16.514163,-5.875836],[16.579718,-5.900836],[16.596109,-5.921664],[16.605273,-5.981664],[16.605624,-6.000767],[16.606109,-6.027218],[16.685273,-6.136873],[16.715691,-6.168473],[16.725227,-6.197446],[16.693609,-6.355],[16.688473,-6.405],[16.708054,-6.467227],[16.782773,-6.681664],[16.834163,-6.792227],[16.870973,-6.857573],[16.903118,-6.863891],[16.93,-6.892218],[16.969791,-7.017918],[16.957918,-7.067636],[16.935,-7.1125],[16.943118,-7.199027],[16.994582,-7.297364],[17.064718,-7.339164],[17.095263,-7.379018],[17.105554,-7.422227],[17.151109,-7.452782],[17.186663,-7.513055],[17.283609,-7.679446],[17.309445,-7.756109],[17.390691,-7.845836],[17.419718,-7.855],[17.438327,-7.876664],[17.505273,-8.003336],[17.525554,-8.053609],[17.552737,-8.081868],[17.631109,-8.098055],[17.660273,-8.092782],[17.756663,-8.066664],[17.889718,-8.042364],[17.922218,-8.046664],[17.952773,-8.061527],[17.976945,-8.083055],[18.004863,-8.107082],[18.041382,-8.107782],[18.115418,-8.107109],[18.109427,-8.081364],[18.112573,-8.028618],[18.196109,-7.996664],[18.329718,-7.9975],[18.403327,-8.009164],[18.525554,-7.989027],[18.519163,-7.957636],[18.526945,-7.937082],[18.766118,-7.937964],[18.773054,-7.972364],[18.791763,-7.998973],[19.001663,-7.999446],[19.372773,-7.993336],[19.358891,-7.935282],[19.352363,-7.914309],[19.3493,-7.893191],[19.361245,-7.812918],[19.373473,-7.790691],[19.3875,-7.763191],[19.401391,-7.692473],[19.381382,-7.619718],[19.3725,-7.601109],[19.375018,-7.579255],[19.3993,-7.572782],[19.468191,-7.568955],[19.530618,-7.4775],[19.528263,-7.435],[19.502218,-7.369718],[19.490273,-7.316255],[19.490136,-7.286946],[19.498891,-7.179446],[19.502918,-7.152364],[19.538945,-6.996609],[19.962773,-6.995555],[20.311391,-6.994718],[20.317909,-6.971391],[20.3175,-6.951109],[20.331527,-6.914727],[20.629745,-6.913882],[20.615973,-6.972782],[20.587773,-7.030836],[20.546182,-7.115418],[20.533473,-7.180555],[20.5309,-7.249655],[20.548718,-7.283618],[21.208045,-7.283055],[21.603054,-7.282218],[21.777854,-7.281255],[21.812773,-7.311946],[21.84,-7.367782],[21.859718,-7.476946],[21.851109,-7.591664],[21.829514,-7.640486],[21.816945,-7.654446],[21.773745,-7.773473],[21.763336,-7.835555],[21.749027,-7.935691],[21.755063,-8.003755],[21.773327,-8.023473],[21.803891,-8.053473],[21.836109,-8.131673],[21.858891,-8.200136],[21.879027,-8.283609],[21.906432,-8.337841],[21.913854,-8.3899],[21.936527,-8.420973],[21.94,-8.496109],[21.935,-8.546391],[21.924445,-8.584164],[21.890273,-8.732227],[21.875827,-8.801109],[21.852773,-8.933891],[21.835282,-9.071109],[21.841391,-9.154164],[21.825273,-9.302227],[21.807218,-9.346391],[21.791527,-9.411391],[21.850273,-9.620282],[21.859445,-9.642364],[21.874718,-9.665],[22.023191,-9.849718],[22.061245,-9.882846],[22.132082,-9.901946],[22.158327,-9.924309],[22.175418,-9.9625],[22.200836,-10.083336],[22.207218,-10.154164],[22.228191,-10.202218],[22.268891,-10.277782],[22.313818,-10.375],[22.304445,-10.422782],[22.2725,-10.513055],[22.303336,-10.583055],[22.308054,-10.612782],[22.306109,-10.675282],[22.315136,-10.7275],[22.252218,-10.79],[22.208882,-10.809164],[22.190136,-10.8257],[22.166454,-10.859927],[22.194445,-10.967227],[22.2175,-11.018891],[22.244027,-11.068336],[22.258891,-11.183755],[22.253891,-11.209727],[22.298882,-11.237218],[22.480763,-11.130627],[22.499927,-11.093782],[22.504582,-11.064727],[22.518609,-11.044164],[22.5675,-11.033609],[22.598191,-11.041255],[22.623473,-11.061109],[22.646663,-11.072782],[22.666109,-11.081109],[22.716663,-11.093336],[22.775073,-11.091455],[22.806945,-11.074718],[22.836245,-11.055973],[22.856945,-11.049446],[22.9068,-11.064927],[22.941245,-11.093055],[23.016945,-11.096109],[23.088054,-11.096391],[23.217009,-11.0766],[23.241945,-11.061664],[23.293891,-11.026946],[23.368054,-10.982782],[23.3975,-10.970282],[23.421945,-10.963191],[23.456109,-10.959164],[23.476391,-10.958336],[23.496663,-10.958891],[23.52,-10.962227],[23.543054,-10.966946],[23.585149,-10.979793],[23.610273,-10.990282],[23.665136,-11.010836],[23.858609,-11.027155],[23.886109,-11.014718],[23.954027,-10.933755],[23.990109,-10.869868],[24.058473,-10.878609],[24.092218,-10.893609],[24.131945,-10.916664],[24.142218,-10.979446],[24.185554,-11.029582],[24.318473,-11.051318],[24.3768,-11.088609],[24.398609,-11.111809],[24.416527,-11.2166],[24.41,-11.280073],[24.365973,-11.349864],[24.375273,-11.404727],[24.449163,-11.462636],[24.526391,-11.461391],[24.584163,-11.437782],[24.602918,-11.404791],[24.692773,-11.34],[24.739718,-11.317082],[24.980273,-11.265],[25.03811,-11.26175],[25.066391,-11.261109],[25.126945,-11.262364],[25.1893,-11.252364],[25.255273,-11.227155],[25.284445,-11.2075],[25.320209,-11.194446],[25.344445,-11.205282],[25.345,-11.278055],[25.3225,-11.327218],[25.2916,-11.365627],[25.316109,-11.516109],[25.326109,-11.554446],[25.363609,-11.642991],[25.498336,-11.71],[25.692218,-11.7675],[25.8425,-11.802227],[25.983473,-11.895691],[26.004718,-11.9025],[26.043891,-11.905],[26.071945,-11.904727],[26.198054,-11.902227],[26.436663,-11.910418],[26.457636,-11.915555],[26.4775,-11.927227],[26.598609,-11.971391],[26.678054,-11.989173],[26.750827,-11.984446],[26.873954,-11.971736],[26.902218,-11.961109],[26.959863,-11.914582],[26.975827,-11.895836],[26.984718,-11.877227],[26.994445,-11.835691],[26.9968,-11.759727],[27.033118,-11.596946],[27.208973,-11.576491],[27.218891,-11.605],[27.228327,-11.682218],[27.229163,-11.717018],[27.228609,-11.743609],[27.231109,-11.775836],[27.244718,-11.797364],[27.263882,-11.813336],[27.352773,-11.871391],[27.374718,-11.884164],[27.418891,-11.909446],[27.453891,-11.936946],[27.480836,-11.971527],[27.486663,-12.000282],[27.486945,-12.020836],[27.494027,-12.058891],[27.530273,-12.161391],[27.538605,-12.1775],[27.568473,-12.213473],[27.5935,-12.229877],[27.623327,-12.245282],[27.640691,-12.262636],[27.655418,-12.290282],[27.677009,-12.302227],[27.797427,-12.297782],[27.821945,-12.283336],[27.838191,-12.259791],[27.860282,-12.254718],[27.885554,-12.264718],[27.914445,-12.2775],[27.935836,-12.290836],[27.963954,-12.3116],[28.049163,-12.367782],[28.163609,-12.429446],[28.229445,-12.424446],[28.319445,-12.433055],[28.346527,-12.440418],[28.446245,-12.525836],[28.530554,-12.656809],[28.530554,-12.689164],[28.515691,-12.707155],[28.495073,-12.728191],[28.497918,-12.755],[28.572709,-12.891809],[28.597427,-12.892018],[28.6175,-12.863609],[28.637145,-12.84],[28.673536,-12.840627],[28.742982,-12.908682],[28.825,-13.026673],[28.920209,-13.154236],[28.950554,-13.250836],[28.954445,-13.274727],[28.957982,-13.331109],[28.970418,-13.360136],[29.018745,-13.398473],[29.040282,-13.396527],[29.065845,-13.387436],[29.098054,-13.389164],[29.197391,-13.433818],[29.308327,-13.373055],[29.4643,-13.303336],[29.485554,-13.289718],[29.518609,-13.260282],[29.545136,-13.234727],[29.570418,-13.222782],[29.594718,-13.223473],[29.683473,-13.266873],[29.681945,-13.300209],[29.650973,-13.316391],[29.621109,-13.382227],[29.634027,-13.415555],[29.654582,-13.434718],[29.726663,-13.458055],[29.801663,-13.449727],[29.802218,-13.417782],[29.803054,-13.171391],[29.804445,-12.780836],[29.805554,-12.541109],[29.805827,-12.4725],[29.806663,-12.225555],[29.805718,-12.159568],[29.770273,-12.154164],[29.568882,-12.190836],[29.473536,-12.2491],[29.446945,-12.338755],[29.489582,-12.393546],[29.523682,-12.395664],[29.527636,-12.425282],[29.517082,-12.4425],[29.476109,-12.458473],[29.4,-12.433891],[29.261036,-12.365418],[29.1768,-12.369027],[29.148882,-12.376255],[29.103882,-12.391109],[29.057082,-12.387227],[29.027082,-12.376946],[29.025,-12.355764],[29.000827,-12.305282],[28.935418,-12.200555],[28.919718,-12.181527],[28.835554,-12.096946],[28.697636,-11.988191],[28.676936,-11.981109],[28.632218,-11.956391],[28.500273,-11.870555],[28.448609,-11.776391],[28.444863,-11.724164],[28.425827,-11.6625],[28.406945,-11.618891],[28.395273,-11.595],[28.379163,-11.576664],[28.365409,-11.555555],[28.357427,-11.524446],[28.358054,-11.475836],[28.3667,-11.434364],[28.410554,-11.369446],[28.465,-11.244582],[28.471109,-11.223055],[28.485554,-11.1625],[28.530282,-10.955836],[28.549027,-10.855555],[28.553609,-10.832782],[28.576382,-10.790282],[28.625409,-10.715],[28.661391,-10.710764],[28.698745,-10.651873],[28.663327,-10.556946],[28.633473,-10.519236],[28.595,-10.246109],[28.623054,-10.1475],[28.622218,-9.986391],[28.625827,-9.947782],[28.631109,-9.925836],[28.660827,-9.8525],[28.695554,-9.795764],[28.669718,-9.748609],[28.537773,-9.470836],[28.518954,-9.359027],[28.487354,-9.336946],[28.428891,-9.322918],[28.390273,-9.302782],[28.372218,-9.279173],[28.377145,-9.250418],[28.397636,-9.2275],[28.415691,-9.217636],[28.442773,-9.205555],[28.473891,-9.191527],[28.516945,-9.168336],[28.603882,-9.108609],[28.6225,-9.093891],[28.705136,-9.017082],[28.728609,-8.991946],[28.805273,-8.902782],[28.843609,-8.8575],[28.868327,-8.826946],[28.925827,-8.741946],[28.952773,-8.686673],[28.961945,-8.664718],[28.960554,-8.635555],[28.953609,-8.596946],[28.930691,-8.529446],[28.900704,-8.479509],[28.9225,-8.474727],[28.991945,-8.464173],[29.200554,-8.433055],[29.235273,-8.427782],[29.395,-8.403336],[29.580663,-8.374411],[29.922773,-8.322227],[30.0825,-8.2975],[30.256109,-8.270555],[30.436663,-8.241946],[30.506109,-8.231109],[30.735273,-8.195555],[30.76823,-8.193689],[30.759445,-8.145],[30.707218,-7.995],[30.696945,-7.970282],[30.668891,-7.915],[30.650554,-7.880418],[30.6175,-7.833891],[30.577401,-7.777912],[30.520554,-7.696391],[30.509718,-7.679446],[30.471391,-7.613473],[30.455827,-7.580282],[30.448609,-7.559718],[30.439718,-7.53],[30.431945,-7.485],[30.429445,-7.455973],[30.426109,-7.427782],[30.420827,-7.405282],[30.409445,-7.364309],[30.379163,-7.279727],[30.354445,-7.220282],[30.338054,-7.1875],[30.315,-7.143755],[30.246663,-7.043609],[30.226663,-7.015],[30.188327,-6.9625],[30.172082,-6.944164],[30.141663,-6.919164],[30.067704,-6.848577],[30.037154,-6.822636],[30.0025,-6.802218],[29.984163,-6.792782],[29.95,-6.778891],[29.914718,-6.766109],[29.885418,-6.750836],[29.761391,-6.653891],[29.739163,-6.634582],[29.720418,-6.611809],[29.703891,-6.586391],[29.613054,-6.399727],[29.567218,-6.331255],[29.550282,-6.295282],[29.540836,-6.263055],[29.498336,-6.056391],[29.495,-6.008891],[29.497773,-5.979727],[29.504718,-5.945836],[29.516391,-5.923055],[29.538327,-5.89],[29.57,-5.851946],[29.592082,-5.828473],[29.608745,-5.807218],[29.63,-5.754864],[29.631663,-5.721946],[29.626109,-5.685555],[29.5975,-5.579164],[29.573054,-5.520555],[29.562218,-5.496391],[29.543891,-5.466391],[29.534445,-5.448055],[29.527218,-5.4275],[29.513609,-5.385555],[29.487218,-5.293609],[29.476109,-5.236664],[29.4543,-5.176664],[29.43,-5.1475],[29.414163,-5.125282],[29.403327,-5.101391],[29.379718,-5.041109],[29.364164,-4.997641],[29.351391,-4.951391],[29.347909,-4.930418],[29.341945,-4.883891],[29.340827,-4.850282],[29.341391,-4.797782],[29.347773,-4.763336],[29.358745,-4.729727],[29.3718,-4.701664],[29.397782,-4.638055],[29.411109,-4.603336],[29.420273,-4.578336],[29.429718,-4.545073],[29.430273,-4.501109],[29.426123,-4.450323],[29.4075,-4.369164],[29.3975,-4.295836],[29.394445,-4.228891],[29.393054,-4.195282],[29.389027,-4.168055],[29.378327,-4.133609],[29.346245,-4.054864],[29.336391,-4.037082],[29.313054,-4.005],[29.294163,-3.9825],[29.275,-3.960282],[29.258473,-3.945836],[29.238609,-3.920836],[29.2325,-3.885],[29.223745,-3.789655],[29.2312,-3.74715],[29.236382,-3.719718],[29.240136,-3.692918],[29.246945,-3.594446],[29.241945,-3.496109],[29.2375,-3.459164],[29.231945,-3.422782],[29.225273,-3.387782],[29.213609,-3.333609],[29.208336,-3.311664],[29.214445,-3.290346],[29.236963,-3.271864],[29.217845,-3.250073],[29.212918,-3.153682],[29.240554,-3.117782],[29.237218,-3.060282],[29.215554,-3.021664],[29.185136,-3.021318],[29.148609,-2.996109],[28.990691,-2.814309],[28.985,-2.784309],[29.000063,-2.756664],[29.024436,-2.744718],[29.017118,-2.724027],[28.9759,-2.694236],[28.930977,-2.684343],[28.902218,-2.66],[28.854445,-2.526109],[28.867427,-2.398682],[28.893473,-2.366391],[28.985,-2.334446],[29.097773,-2.268546],[29.118327,-2.241109],[29.130491,-2.212946],[29.143891,-2.189164],[29.156391,-2.160836],[29.166391,-2.133191],[29.170554,-2.093336],[29.1675,-2.068609],[29.148209,-2.014364],[29.135273,-1.976391],[29.128054,-1.948891],[29.1243,-1.916046],[29.129927,-1.851046],[29.143473,-1.815136],[29.251391,-1.654718],[29.270836,-1.626391],[29.362009,-1.5109],[29.449582,-1.504164],[29.47,-1.4825],[29.495282,-1.449582],[29.538327,-1.413609],[29.573327,-1.393473],[29.596945,-1.385836],[29.606109,-1.320691],[29.599027,-1.214373],[29.5743,-1.1875],[29.575136,-0.916391],[29.584445,-0.895691],[29.618891,-0.8916],[29.633054,-0.787782],[29.6193,-0.743473],[29.634718,-0.641391],[29.666663,-0.580555],[29.652773,-0.476664],[29.648609,-0.439718],[29.670827,-0.304718],[29.687763,-0.202782],[29.698382,-0.138614],[29.709,-0.074446],[29.733327,-0.003164],[29.718191,0.042845],[29.718609,0.077082],[29.728611,0.097809],[29.780482,0.173473],[29.806945,0.162782],[29.839445,0.2775],[29.848886,0.322082],[29.858327,0.366664],[29.885386,0.397855],[29.912445,0.429045],[29.959863,0.483745],[29.955827,0.551664],[29.938745,0.624582],[29.9475,0.787782],[29.9575,0.818336],[29.967109,0.835909],[29.99447,0.852598],[30.015827,0.866664],[30.036109,0.874718],[30.086391,0.893336],[30.131182,0.895209],[30.155554,0.9091],[30.217363,0.994445],[30.219309,1.043609],[30.213745,1.065],[30.234373,1.130836],[30.274582,1.167082],[30.370827,1.198336],[30.437636,1.202154],[30.456109,1.212782],[30.483891,1.241245],[30.548882,1.321664],[30.671391,1.473336],[30.695482,1.5],[30.848327,1.618891],[31.036663,1.765554],[31.057401,1.792151],[31.06924,1.807334],[31.088042,1.831448],[31.213745,1.993346],[31.302773,2.121391],[31.2992,2.162854],[31.2025,2.229164],[31.069163,2.325282],[31.003054,2.396945],[30.984863,2.409309],[30.964027,2.411945],[30.939718,2.400282],[30.926936,2.360836],[30.914718,2.3425],[30.886245,2.336809],[30.729718,2.448054],[30.730973,2.473336],[30.755973,2.601109],[30.786945,2.674718],[30.817218,2.739164],[30.851663,2.785482],[30.876527,2.84],[30.879445,2.8859],[30.852354,2.962845],[30.806245,3.013609],[30.772363,3.028745],[30.763473,3.051736],[30.782218,3.13],[30.828054,3.240282],[30.859718,3.290282],[30.882773,3.324718],[30.934445,3.413891],[30.924791,3.510764],[30.905973,3.524718],[30.858818,3.493391],[30.847218,3.528336],[30.786391,3.66],[30.735209,3.637782],[30.631109,3.611109],[30.591873,3.604927],[30.562009,3.613264],[30.575136,3.641664],[30.581391,3.668891],[30.581663,3.700136],[30.551036,3.863818],[30.527218,3.873054],[30.494445,3.865073],[30.434718,3.885836],[30.361382,3.925282],[30.336109,3.940282],[30.275209,3.959309],[30.243054,3.955282],[30.207773,3.961664],[30.166663,4.039718],[30.148054,4.099582],[30.119509,4.116809],[30.079718,4.122364],[30.0618,4.131391],[29.987782,4.233891],[29.959445,4.291391],[29.838745,4.346873],[29.799163,4.375345],[29.7925,4.433054],[29.8,4.468891],[29.806391,4.496109],[29.813536,4.559027],[29.698609,4.6175],[29.643327,4.643609],[29.614718,4.656109],[29.494236,4.683536],[29.467773,4.663891],[29.466527,4.634718],[29.464163,4.591945],[29.432782,4.525554],[29.376875,4.455241],[29.325,4.39],[29.243609,4.346109],[29.210273,4.342082],[29.159445,4.386109],[29.131382,4.412218],[29.011454,4.496982],[28.977218,4.483818],[28.890273,4.477782],[28.827427,4.482709],[28.802909,4.497082],[28.803609,4.5191],[28.7825,4.557364],[28.7125,4.5375],[28.6934,4.510973],[28.687773,4.484582],[28.672773,4.455836],[28.6525,4.425418],[28.633473,4.416809],[28.584718,4.401945],[28.505836,4.373054],[28.488327,4.35],[28.477218,4.330836],[28.363054,4.29],[28.201109,4.347845],[28.084445,4.432782],[28.028054,4.502218],[27.929718,4.551109],[27.901948,4.553683],[27.865273,4.557082],[27.789445,4.600136],[27.771663,4.666109],[27.777709,4.6974],[27.782909,4.7575],[27.768891,4.787773],[27.660209,4.896182],[27.524436,4.943609],[27.455163,5.021075]]]},"properties":{"cntry_name":"Congo, Democratic Republic of (Zaire)","area":2326640,"capname":"Kinshasa (L\u00e9opoldville)","caplong":15.315,"caplat":-4.32972,"gwcode":490,"gwsdate":"29.06.1960 23:00:00","gwsyear":1960,"gwsmonth":6,"gwsday":30,"gwedate":"30.12.2019 23:00:00","gweyear":2019,"gwemonth":12,"gweday":31,"cap_geom":"SRID=4326;POINT (15.3149995803833 -4.3297200202941895)"}},{"type":"Feature","geometry":{"type":"Polygon","coordinates":[[[34.995888,1.662436],[35.009718,1.895282],[34.994436,2.085],[34.941936,2.223891],[34.919163,2.277782],[34.887773,2.357218],[34.8811,2.378336],[34.8802,2.4034],[34.909436,2.521109],[34.843463,2.597782],[34.7925,2.680418],[34.7893,2.700691],[34.781663,2.789582],[34.755554,2.849927],[34.712218,2.878054],[34.685618,2.863891],[34.665482,2.860973],[34.5934,2.936736],[34.5825,3.007218],[34.572354,3.082918],[34.561663,3.106809],[34.545,3.1275],[34.508745,3.145282],[34.453891,3.245554],[34.403745,3.385282],[34.4034,3.484164],[34.435482,3.500073],[34.453473,3.521109],[34.465,3.614445],[34.463609,3.664654],[34.381663,3.731664],[34.361109,3.738054],[34.222218,3.779164],[34.184718,3.84],[34.128327,3.951809],[34.088054,4.097218],[34.063045,4.173609],[34.049445,4.190554],[34.026245,4.208054],[33.996663,4.222782],[33.517423,3.755587],[33.387773,3.758054],[33.245,3.764164],[33.183882,3.766109],[33.127218,3.808336],[33.016663,3.888609],[32.978609,3.863336],[32.938327,3.837218],[32.898045,3.811945],[32.874718,3.803891],[32.800282,3.780554],[32.719445,3.755836],[32.669163,3.753336],[32.635273,3.751945],[32.479163,3.745836],[32.404445,3.743609],[32.231972,3.630789],[32.199773,3.609727],[32.200827,3.575036],[32.194527,3.512754],[32.135827,3.521109],[32.111245,3.526664],[32.090409,3.536109],[32.077082,3.559027],[32.068491,3.582218],[32.025836,3.591391],[31.951109,3.593891],[31.946391,3.621664],[31.932082,3.689164],[31.853473,3.784718],[31.821663,3.806945],[31.789445,3.808745],[31.748609,3.761391],[31.704027,3.714445],[31.540836,3.653609],[31.459718,3.698891],[31.377218,3.745554],[31.286663,3.795],[31.203891,3.795836],[31.176663,3.795282],[30.979163,3.694445],[30.954718,3.671109],[30.891391,3.565554],[30.868536,3.522573],[30.858818,3.493391],[30.905973,3.524718],[30.924791,3.510764],[30.934445,3.413891],[30.882773,3.324718],[30.859718,3.290282],[30.828054,3.240282],[30.782218,3.13],[30.763473,3.051736],[30.772363,3.028745],[30.806245,3.013609],[30.852354,2.962845],[30.879445,2.8859],[30.876527,2.84],[30.851663,2.785482],[30.817218,2.739164],[30.786945,2.674718],[30.755973,2.601109],[30.730973,2.473336],[30.729718,2.448054],[30.886245,2.336809],[30.914718,2.3425],[30.926936,2.360836],[30.939718,2.400282],[30.964027,2.411945],[30.984863,2.409309],[31.003054,2.396945],[31.069163,2.325282],[31.2025,2.229164],[31.2992,2.162854],[31.302773,2.121391],[31.213745,1.993346],[31.088042,1.831448],[31.06924,1.807334],[31.057401,1.792151],[31.036663,1.765554],[30.848327,1.618891],[30.695482,1.5],[30.671391,1.473336],[30.548882,1.321664],[30.483891,1.241245],[30.456109,1.212782],[30.437636,1.202154],[30.370827,1.198336],[30.274582,1.167082],[30.234373,1.130836],[30.213745,1.065],[30.219309,1.043609],[30.217363,0.994445],[30.155554,0.9091],[30.131182,0.895209],[30.086391,0.893336],[30.036109,0.874718],[30.015827,0.866664],[29.99447,0.852598],[29.967109,0.835909],[29.9575,0.818336],[29.9475,0.787782],[29.938745,0.624582],[29.955827,0.551664],[29.959863,0.483745],[29.912445,0.429045],[29.885386,0.397855],[29.858327,0.366664],[29.848886,0.322082],[29.839445,0.2775],[29.806945,0.162782],[29.780482,0.173473],[29.728611,0.097809],[29.718609,0.077082],[29.718191,0.042845],[29.733327,-0.003164],[29.709,-0.074446],[29.698382,-0.138614],[29.687763,-0.202782],[29.670827,-0.304718],[29.648609,-0.439718],[29.652773,-0.476664],[29.666663,-0.580555],[29.634718,-0.641391],[29.6193,-0.743473],[29.633054,-0.787782],[29.618891,-0.8916],[29.584445,-0.895691],[29.575136,-0.916391],[29.5743,-1.1875],[29.599027,-1.214373],[29.606109,-1.320691],[29.596945,-1.385836],[29.617363,-1.387082],[29.640827,-1.386664],[29.6775,-1.381664],[29.697773,-1.3675],[29.717218,-1.3475],[29.835282,-1.319718],[29.855273,-1.326946],[29.884163,-1.370418],[29.884509,-1.401809],[29.890554,-1.432782],[29.91,-1.465073],[29.933191,-1.475972],[29.979718,-1.462218],[30.109163,-1.3675],[30.171663,-1.315],[30.229163,-1.266664],[30.283473,-1.209655],[30.297773,-1.184718],[30.315354,-1.143764],[30.360827,-1.060973],[30.451945,-1.054446],[30.480146,-1.061815],[30.593327,-1.065555],[30.696945,-1.014582],[30.756382,-0.997755],[30.888609,-0.997218],[31.06,-0.9975],[31.2725,-0.998336],[31.293054,-0.998891],[31.546945,-0.999446],[31.677218,-0.999718],[32.485273,-1.000282],[32.615554,-1.000282],[32.684163,-1],[32.742418,-0.999718],[32.890354,-0.999709],[33.001109,-1],[33.110836,-1.000282],[33.186391,-0.999718],[33.2961,-1],[33.405827,-1.000282],[33.438873,-1.000718],[33.460827,-1.000282],[33.920698,-1.001539],[33.923336,-0.953055],[33.918609,-0.452782],[33.951663,-0.271809],[33.968769,-0.175457],[33.9761,-0.134164],[33.966382,-0.100836],[33.950482,-0.048136],[33.938826,-0.00702],[33.923045,0.048609],[33.9125,0.0825],[33.907218,0.103054],[33.981809,0.205073],[34.0536,0.301664],[34.106382,0.387782],[34.1636,0.608473],[34.213463,0.632918],[34.2486,0.639445],[34.269163,0.648473],[34.410827,0.821945],[34.442218,0.871945],[34.480136,0.959164],[34.485554,0.984027],[34.483118,1.011664],[34.487773,1.043191],[34.5043,1.080836],[34.52,1.105836],[34.575545,1.092682],[34.597145,1.150482],[34.691663,1.208127],[34.739718,1.214164],[34.764718,1.216945],[34.801663,1.221945],[34.820345,1.235973],[34.829718,1.269164],[34.828882,1.295],[34.822082,1.315691],[34.803745,1.335],[34.793758,1.395807],[34.853191,1.428054],[34.863882,1.459445],[34.873084,1.500663],[34.88499,1.530199],[34.900409,1.553054],[34.918191,1.562918],[34.949085,1.575454],[34.995888,1.662436]]]},"properties":{"cntry_name":"Uganda","area":242081,"capname":"Kampala","caplong":32.5656,"caplat":0.31556,"gwcode":500,"gwsdate":"08.10.1962 23:00:00","gwsyear":1962,"gwsmonth":10,"gwsday":9,"gwedate":"30.12.2019 23:00:00","gweyear":2019,"gwemonth":12,"gweday":31,"cap_geom":"SRID=4326;POINT (32.56555938720703 0.3155600130558014)"}},{"type":"Feature","geometry":{"type":"MultiPolygon","coordinates":[[[[41.1109,-2.134069],[41.138054,-2.124446],[41.138054,-2.124446],[41.166454,-2.103473],[41.162427,-2.081109],[41.162427,-2.081109],[41.129163,-2.0525],[41.098673,-2.038191],[41.098673,-2.038191],[41.069446,-2.042777],[40.990691,-2.089446],[40.972773,-2.109164],[40.950336,-2.171318],[40.950336,-2.171318],[40.9934,-2.202223],[41.000273,-2.178336],[41.007344,-2.165188],[41.016109,-2.148891],[41.024518,-2.145948],[41.060554,-2.133336],[41.094163,-2.14],[41.1109,-2.134069]]],[[[35.932871,4.621977],[35.899718,4.619718],[35.807993,4.618779],[35.701688,4.618336],[35.675827,4.6175],[35.641936,4.617218],[35.608454,4.617745],[35.580827,4.616945],[35.546945,4.616664],[35.508882,4.616736],[35.146945,4.613891],[34.950273,4.612782],[34.821391,4.612218],[34.773891,4.6125],[34.713054,4.612218],[34.482218,4.611109],[34.407773,4.610554],[34.388191,4.609682],[34.374163,4.596664],[34.096109,4.320554],[33.996663,4.222782],[34.026245,4.208054],[34.049445,4.190554],[34.063045,4.173609],[34.088054,4.097218],[34.128327,3.951809],[34.184718,3.84],[34.222218,3.779164],[34.361109,3.738054],[34.381663,3.731664],[34.463609,3.664654],[34.465,3.614445],[34.453473,3.521109],[34.435482,3.500073],[34.4034,3.484164],[34.403745,3.385282],[34.453891,3.245554],[34.508745,3.145282],[34.545,3.1275],[34.561663,3.106809],[34.572354,3.082918],[34.5825,3.007218],[34.5934,2.936736],[34.665482,2.860973],[34.685618,2.863891],[34.712218,2.878054],[34.755554,2.849927],[34.781663,2.789582],[34.7893,2.700691],[34.7925,2.680418],[34.843463,2.597782],[34.909436,2.521109],[34.8802,2.4034],[34.8811,2.378336],[34.887773,2.357218],[34.919163,2.277782],[34.941936,2.223891],[34.994436,2.085],[35.009718,1.895282],[34.995888,1.662436],[34.949085,1.575454],[34.918191,1.562918],[34.900409,1.553054],[34.88499,1.530199],[34.873084,1.500663],[34.863882,1.459445],[34.853191,1.428054],[34.793758,1.395807],[34.803745,1.335],[34.822082,1.315691],[34.828882,1.295],[34.829718,1.269164],[34.820345,1.235973],[34.801663,1.221945],[34.764718,1.216945],[34.739718,1.214164],[34.691663,1.208127],[34.597145,1.150482],[34.575545,1.092682],[34.52,1.105836],[34.5043,1.080836],[34.487773,1.043191],[34.483118,1.011664],[34.485554,0.984027],[34.480136,0.959164],[34.442218,0.871945],[34.410827,0.821945],[34.269163,0.648473],[34.2486,0.639445],[34.213463,0.632918],[34.1636,0.608473],[34.106382,0.387782],[34.0536,0.301664],[33.981809,0.205073],[33.907218,0.103054],[33.9125,0.0825],[33.923045,0.048609],[33.938826,-0.00702],[33.950482,-0.048136],[33.966382,-0.100836],[33.9761,-0.134164],[33.968769,-0.175457],[33.951663,-0.271809],[33.918609,-0.452782],[33.923336,-0.953055],[33.920698,-1.001539],[33.948327,-1.001109],[34.018745,-1.001109],[34.075554,-1.039164],[34.409718,-1.227218],[34.500273,-1.277782],[34.717218,-1.398891],[35.268882,-1.707218],[35.678327,-1.935836],[35.880827,-2.048336],[35.998208,-2.113585],[36.033282,-2.133082],[36.153327,-2.2],[36.325554,-2.298336],[36.685273,-2.496946],[37.195827,-2.778891],[37.222582,-2.794455],[37.278609,-2.825555],[37.425282,-2.906946],[37.501245,-2.938055],[37.5225,-2.949164],[37.602773,-2.995836],[37.675282,-3.051391],[37.698054,-3.186664],[37.712491,-3.2675],[37.719991,-3.311946],[37.690554,-3.316664],[37.610273,-3.401527],[37.600136,-3.424718],[37.6,-3.450282],[37.626382,-3.509518],[37.686391,-3.5125],[37.737354,-3.528755],[37.75,-3.550691],[37.756382,-3.578609],[37.764854,-3.615282],[37.783054,-3.651109],[37.851391,-3.700555],[38.4175,-4.105836],[38.486663,-4.155],[38.624445,-4.253336],[38.721109,-4.3225],[38.941972,-4.481174],[39.037773,-4.55],[39.161663,-4.639446],[39.203027,-4.669618],[39.255827,-4.611946],[39.305273,-4.602082],[39.322379,-4.633638],[39.325827,-4.64],[39.4025,-4.633891],[39.525554,-4.417782],[39.671663,-4.092227],[39.693118,-4.0525],[39.721109,-4.016946],[39.781663,-3.925836],[39.805545,-3.875555],[39.829163,-3.818891],[39.836391,-3.798891],[39.867491,-3.695555],[39.871174,-3.678891],[39.872218,-3.674164],[39.870554,-3.641946],[39.871382,-3.62],[39.935,-3.466946],[39.944052,-3.445887],[39.974163,-3.375836],[40.025273,-3.340555],[40.050273,-3.323706],[40.062773,-3.315282],[40.107773,-3.292082],[40.116657,-3.278843],[40.125482,-3.265691],[40.1318,-3.221255],[40.119373,-3.190282],[40.157773,-3.080836],[40.164349,-3.048241],[40.1775,-2.983055],[40.166245,-2.932782],[40.165027,-2.90627],[40.164445,-2.893609],[40.166831,-2.854581],[40.171391,-2.78],[40.189436,-2.743055],[40.231109,-2.671109],[40.278054,-2.63],[40.311945,-2.609718],[40.338609,-2.593891],[40.382218,-2.568891],[40.421945,-2.554164],[40.485836,-2.535282],[40.506809,-2.531321],[40.532909,-2.526391],[40.563745,-2.541664],[40.591945,-2.553891],[40.616554,-2.553224],[40.630482,-2.552846],[40.759916,-2.44519],[40.813745,-2.400418],[40.816367,-2.396083],[40.824163,-2.383191],[40.815306,-2.364781],[40.812573,-2.3591],[40.80136,-2.347724],[40.7843,-2.330418],[40.785827,-2.300418],[40.836646,-2.250794],[40.839163,-2.248336],[40.855,-2.236109],[40.88125,-2.228404],[40.89,-2.225836],[40.895095,-2.234758],[40.925691,-2.288336],[40.920936,-2.315936],[40.944108,-2.308798],[40.958473,-2.304373],[40.982082,-2.257218],[40.970409,-2.230836],[40.945,-2.2125],[40.924332,-2.158668],[40.910554,-2.122782],[40.907397,-2.105467],[40.891663,-2.019164],[40.991663,-2.034164],[41.105554,-1.981946],[41.200827,-1.972782],[41.220361,-1.972167],[41.280273,-1.970282],[41.292217,-1.96611],[41.315282,-1.958055],[41.384939,-1.883908],[41.414445,-1.8525],[41.421363,-1.843924],[41.434163,-1.828055],[41.437668,-1.808102],[41.437773,-1.8075],[41.441379,-1.802497],[41.454991,-1.783609],[41.473306,-1.759424],[41.478336,-1.752782],[41.538191,-1.689446],[41.551865,-1.679464],[41.558154,-1.674873],[41.558154,-1.674873],[41.555273,-1.592218],[41.381382,-1.364718],[41.153882,-1.068055],[40.998327,-0.866109],[40.988609,0],[40.988609,1.313954],[40.993903,2.000406],[40.988609,2.3093],[40.988609,2.716664],[40.991354,2.835536],[41.286382,3.118336],[41.336936,3.1675],[41.797773,3.824718],[41.899817,3.973513],[41.840136,3.948473],[41.800827,3.960554],[41.781109,3.981945],[41.725827,4.000136],[41.611382,3.989164],[41.534854,3.976109],[41.487636,3.961109],[41.469027,3.949309],[41.273891,3.941109],[41.180973,3.941527],[41.160554,3.945836],[41.135136,3.958473],[41.114718,3.975973],[41.093609,3.996391],[41.063609,4.031245],[41.048191,4.060418],[41.009436,4.108609],[40.876936,4.216664],[40.853609,4.234718],[40.783763,4.287973],[40.672218,4.228609],[40.398891,4.123054],[40.388609,4.098891],[40.1825,4.0225],[40,3.928582],[39.866663,3.869445],[39.782773,3.678336],[39.594991,3.500836],[39.560273,3.406664],[39.519027,3.409309],[39.502082,3.422636],[39.499582,3.450136],[39.450827,3.4625],[39.422491,3.46],[39.331382,3.469164],[39.328645,3.499654],[39.295568,3.475891],[39.248891,3.471391],[39.196936,3.478609],[39.13,3.510836],[39.084718,3.534445],[39.0461,3.528891],[38.956382,3.518609],[38.9136,3.513891],[38.81,3.543336],[38.729436,3.567218],[38.621936,3.601664],[38.516936,3.626945],[38.448054,3.599445],[38.323882,3.608891],[38.121109,3.611664],[38.056109,3.651945],[38.033609,3.698054],[37.998054,3.728609],[37.280545,4.194445],[37.130273,4.286391],[37.099163,4.331664],[37.039718,4.375554],[36.887773,4.434718],[36.712154,4.433836],[36.666382,4.433609],[36.6475,4.446664],[36.433609,4.441664],[36.271663,4.439164],[36.211163,4.448],[36.0453,4.447082],[35.997368,4.484753],[35.951109,4.521109],[35.932871,4.621977]]]]},"properties":{"cntry_name":"Kenya","area":581894,"capname":"Nairobi","caplong":36.8167,"caplat":-1.28333,"gwcode":501,"gwsdate":"11.12.1963 23:00:00","gwsyear":1963,"gwsmonth":12,"gwsday":12,"gwedate":"30.12.2019 23:00:00","gweyear":2019,"gwemonth":12,"gweday":31,"cap_geom":"SRID=4326;POINT (36.81666946411133 -1.283329963684082)"}},{"type":"Feature","geometry":{"type":"Polygon","coordinates":[[[39.531391,14.565554],[39.482627,14.511318],[39.375973,14.483891],[39.263054,14.473609],[39.209718,14.485554],[39.189582,14.5443],[39.178609,14.564309],[39.152218,14.6],[39.134087,14.618607],[39.118745,14.629391],[39.094027,14.643609],[39.024018,14.655164],[39.012427,14.588954],[38.965554,14.546109],[38.893054,14.500827],[38.795554,14.469718],[38.561391,14.426527],[38.448954,14.418745],[38.333463,14.5216],[38.306936,14.594164],[38.263336,14.677636],[38.244854,14.687364],[38.188918,14.692118],[38.143745,14.683327],[38.040554,14.721945],[38.018327,14.735],[37.980345,14.775973],[37.978327,14.801109],[37.955827,14.837773],[37.926518,14.870973],[37.911382,14.883609],[37.838336,14.715273],[37.684436,14.36],[37.587029,14.136289],[37.572209,14.102254],[37.530754,14.114309],[37.433054,14.268054],[37.391245,14.356391],[37.336936,14.426664],[37.287845,14.451873],[37.199582,14.4525],[37.124718,14.425627],[37.101391,14.393054],[37.091663,14.371245],[37.090827,14.346664],[37.090545,14.312364],[37.075273,14.2875],[36.999791,14.261527],[36.949891,14.294373],[36.886109,14.320273],[36.825,14.328054],[36.736382,14.327218],[36.641245,14.316664],[36.558463,14.288609],[36.542241,14.270054],[36.539445,14.246109],[36.446391,13.956945],[36.486936,13.839445],[36.471109,13.804164],[36.421036,13.686873],[36.409027,13.6575],[36.407354,13.635273],[36.411382,13.615554],[36.408745,13.595136],[36.3975,13.567782],[36.362218,13.519445],[36.348882,13.502773],[36.2486,13.368054],[36.157354,13.033054],[36.168882,12.99],[36.151109,12.971664],[36.142082,12.952773],[36.135345,12.925418],[36.159163,12.881391],[36.142545,12.714854],[36.111936,12.694027],[36.0934,12.706391],[36.072291,12.7241],[36.037218,12.715],[36.012636,12.720554],[35.964718,12.715554],[35.701082,12.666118],[35.700136,12.625],[35.686245,12.602218],[35.647354,12.591527],[35.383609,12.165554],[35.283882,11.983327],[35.265436,11.933609],[35.253609,11.9175],[35.231382,11.898191],[35.201663,11.886391],[35.168327,11.878336],[35.134436,11.863891],[35.116245,11.850836],[35.102354,11.834445],[35.083609,11.805554],[35.063191,11.759582],[35.058327,11.730273],[35.0668,11.646527],[35.078191,11.623473],[35.091663,11.598891],[35.0952,11.576454],[35.087491,11.535827],[35.013327,11.367773],[35.004436,11.348891],[34.986382,11.318336],[34.967082,11.274864],[34.964163,11.250418],[34.974996,11.2275],[35.0075,11.198327],[35.005554,11.174445],[34.997612,11.151232],[34.9836,11.110282],[34.933327,10.956664],[34.978609,10.915273],[34.975273,10.864445],[34.860618,10.732009],[34.800554,10.723327],[34.769863,10.749445],[34.710827,10.802218],[34.673882,10.834718],[34.594445,10.887782],[34.439718,10.784445],[34.352773,10.631664],[34.314718,10.586391],[34.286109,10.554164],[34.328045,10.35],[34.341945,10.280836],[34.348327,10.238473],[34.323054,10.117218],[34.230554,10.027636],[34.219718,9.973609],[34.207218,9.905],[34.14,9.758054],[34.085827,9.553054],[34.092234,9.477474],[34.094577,9.454305],[34.097773,9.419718],[34.100554,9.385273],[34.134991,8.955273],[34.13,8.805827],[34.1236,8.634164],[34.122232,8.582114],[34.105545,8.557782],[34.070827,8.523336],[34.002218,8.460282],[33.970754,8.437564],[33.915273,8.430554],[33.881527,8.430836],[33.852491,8.425836],[33.818745,8.411527],[33.789718,8.384445],[33.771327,8.367745],[33.715273,8.375064],[33.690482,8.395482],[33.669991,8.437082],[33.634373,8.467154],[33.508609,8.4662],[33.380827,8.437918],[33.326736,8.453682],[33.263536,8.461527],[33.171245,8.399791],[33.160827,8.356527],[33.165836,8.278327],[33.178054,8.2225],[33.185918,8.140291],[33.162773,8.115],[33.121382,8.100973],[33.031945,7.997391],[32.9918,7.926045],[32.996827,7.887218],[33.014973,7.846064],[33.052218,7.790691],[33.096663,7.781109],[33.2575,7.763609],[33.439163,7.744445],[33.464445,7.744027],[33.647218,7.685],[33.712491,7.658473],[33.885554,7.525418],[34.027709,7.378673],[34.032773,7.304445],[34.029745,7.280036],[34.027082,7.248127],[34.099163,7.199718],[34.163327,7.171664],[34.193882,7.09],[34.223609,7.0425],[34.235691,7.019718],[34.280554,6.975836],[34.299573,6.964327],[34.328745,6.958745],[34.360963,6.959027],[34.430954,6.935409],[34.4718,6.914309],[34.486973,6.877491],[34.528818,6.747218],[34.553609,6.735691],[34.602773,6.734718],[34.632082,6.729027],[34.654718,6.716664],[34.679163,6.7],[34.704718,6.677782],[34.756991,6.613782],[34.85,6.366664],[34.856382,6.291109],[34.8593,6.267218],[34.870554,6.2375],[34.922427,6.132291],[34.952218,6.103473],[34.969718,6.086527],[34.981382,6.061109],[34.989386,6.00799],[34.975827,5.964718],[34.986382,5.878054],[34.997818,5.860635],[35.028327,5.814164],[35.105409,5.688336],[35.103882,5.6325],[35.289991,5.507782],[35.2927,5.487636],[35.277082,5.458054],[35.270418,5.438336],[35.303054,5.377364],[35.326245,5.357082],[35.352845,5.350691],[35.419091,5.3984],[35.443709,5.425518],[35.504718,5.431391],[35.527918,5.426809],[35.726245,5.364445],[35.753745,5.346945],[35.774991,5.337218],[35.796945,5.331109],[35.821663,5.328609],[35.798745,5.265554],[35.796245,5.235136],[35.805136,5.206809],[35.830691,5.1684],[35.823609,5.136664],[35.802773,5.105273],[35.779991,5.082636],[35.774436,4.798609],[35.924718,4.640273],[35.932871,4.621977],[35.951109,4.521109],[35.997368,4.484753],[36.0453,4.447082],[36.211163,4.448],[36.271663,4.439164],[36.433609,4.441664],[36.6475,4.446664],[36.666382,4.433609],[36.712154,4.433836],[36.887773,4.434718],[37.039718,4.375554],[37.099163,4.331664],[37.130273,4.286391],[37.280545,4.194445],[37.998054,3.728609],[38.033609,3.698054],[38.056109,3.651945],[38.121109,3.611664],[38.323882,3.608891],[38.448054,3.599445],[38.516936,3.626945],[38.621936,3.601664],[38.729436,3.567218],[38.81,3.543336],[38.9136,3.513891],[38.956382,3.518609],[39.0461,3.528891],[39.084718,3.534445],[39.13,3.510836],[39.196936,3.478609],[39.248891,3.471391],[39.295568,3.475891],[39.328645,3.499654],[39.331382,3.469164],[39.422491,3.46],[39.450827,3.4625],[39.499582,3.450136],[39.502082,3.422636],[39.519027,3.409309],[39.560273,3.406664],[39.594991,3.500836],[39.782773,3.678336],[39.866663,3.869445],[40,3.928582],[40.1825,4.0225],[40.388609,4.098891],[40.398891,4.123054],[40.672218,4.228609],[40.783763,4.287973],[40.853609,4.234718],[40.876936,4.216664],[41.009436,4.108609],[41.048191,4.060418],[41.063609,4.031245],[41.093609,3.996391],[41.114718,3.975973],[41.135136,3.958473],[41.160554,3.945836],[41.180973,3.941527],[41.273891,3.941109],[41.469027,3.949309],[41.487636,3.961109],[41.534854,3.976109],[41.611382,3.989164],[41.725827,4.000136],[41.781109,3.981945],[41.800827,3.960554],[41.840136,3.948473],[41.899817,3.973513],[41.938745,4.022364],[41.937845,4.052709],[41.959436,4.088473],[42.040836,4.142782],[42.054765,4.156844],[42.073882,4.176145],[42.098327,4.186664],[42.117773,4.193891],[42.151663,4.203336],[42.195827,4.208891],[42.236109,4.207773],[42.269854,4.203745],[42.370273,4.202082],[42.401382,4.2075],[42.485836,4.228891],[42.622291,4.260418],[42.656109,4.264718],[42.733677,4.271987],[42.768609,4.278336],[42.831663,4.295282],[42.855691,4.304718],[42.876663,4.318336],[42.919991,4.364027],[42.933609,4.388745],[42.946518,4.446109],[42.957218,4.481109],[42.968882,4.504309],[42.985691,4.525418],[43.080827,4.604164],[43.158191,4.666391],[43.1936,4.687782],[43.321663,4.748609],[43.358891,4.765273],[43.490554,4.822218],[43.567773,4.8525],[43.587218,4.86],[43.686391,4.891945],[43.737354,4.900554],[43.767491,4.903336],[43.798054,4.905691],[43.833054,4.910282],[43.855827,4.913891],[43.887218,4.922782],[43.922218,4.934445],[43.959854,4.951391],[43.981945,4.963054],[44.059027,4.958609],[44.221663,4.948336],[44.290273,4.944164],[44.4669,4.933527],[44.512773,4.930273],[44.950827,4.9025],[45.003918,4.958441],[45.096109,5.060273],[45.374463,5.363918],[45.4894,5.489764],[45.716663,5.738609],[45.955827,5.999164],[45.990273,6.035554],[46.113982,6.162027],[46.561391,6.619445],[46.991391,7.056945],[47.555545,7.592218],[47.658054,7.688891],[47.761836,7.786591],[47.904045,7.920454],[47.987609,8.002252],[47.9025,8.003054],[47.850554,8.003054],[47.746382,8.003609],[47.6075,8.003336],[47.086936,8.001945],[47.011936,8.001109],[46.994718,8.006109],[46.790836,8.076391],[46.552773,8.157218],[46.331663,8.232218],[46.059163,8.323609],[45.6161,8.473327],[45.411663,8.541945],[45.189991,8.616109],[45.002218,8.678609],[44.650473,8.795173],[44.010554,9.007218],[43.727773,9.262782],[43.627218,9.354445],[43.583054,9.336109],[43.555273,9.348473],[43.441663,9.417636],[43.425827,9.434582],[43.425136,9.460836],[43.427773,9.485273],[43.386663,9.556945],[43.328473,9.619582],[43.305273,9.628336],[43.279305,9.640136],[43.267218,9.664445],[43.260554,9.684718],[43.246382,9.750827],[43.237773,9.799309],[43.224854,9.863191],[43.204091,9.892291],[43.180409,9.902773],[43.147845,9.902773],[43.110273,9.908891],[43.0843,9.924864],[43.063045,9.948745],[43.051663,9.968191],[43.042773,9.993054],[43.034718,10.025],[43.013054,10.081109],[42.980554,10.117636],[42.953254,10.1325],[42.922773,10.147782],[42.890973,10.172082],[42.864163,10.200554],[42.850691,10.219445],[42.816936,10.313891],[42.806109,10.35],[42.803327,10.380554],[42.797082,10.422782],[42.786109,10.455554],[42.746663,10.495691],[42.722218,10.517918],[42.709445,10.536109],[42.681109,10.582773],[42.664791,10.632918],[42.764163,10.780418],[42.838609,10.873891],[42.855,10.892218],[42.9175,10.955273],[42.944091,11.002436],[42.890973,10.982082],[42.810973,10.988336],[42.792218,10.997773],[42.7693,11.023191],[42.759782,11.0591],[42.748191,11.077918],[42.640409,11.097082],[42.608236,11.091573],[42.501109,11.063609],[42.358891,11.019164],[42.300554,11.011391],[42.171663,11.000282],[42.125545,10.999445],[42.080345,10.977427],[42.019718,10.944718],[41.991945,10.942218],[41.940282,10.95],[41.918054,10.953609],[41.881945,10.960836],[41.837218,10.973054],[41.808327,10.985282],[41.789718,11.008054],[41.800554,11.031109],[41.802909,11.098973],[41.806663,11.168336],[41.811936,11.257918],[41.793745,11.380973],[41.759854,11.507918],[41.798045,11.638336],[41.829018,11.740973],[41.891391,11.773609],[41.948609,11.816664],[42.025082,11.926364],[42.058609,11.975827],[42.127218,12.090273],[42.168882,12.137218],[42.255554,12.263336],[42.292218,12.293891],[42.308327,12.308336],[42.325554,12.359164],[42.339436,12.396945],[42.3661,12.430273],[42.399718,12.469718],[42.358054,12.511664],[42.344718,12.526664],[42.326109,12.549445],[42.306518,12.574718],[42.292218,12.598191],[42.262773,12.650554],[42.214445,12.725827],[42.1943,12.746109],[42.153054,12.778473],[42.119027,12.801245],[42.097773,12.811945],[42.076945,12.819718],[42.048191,12.830273],[42.017218,12.840554],[41.993054,12.850136],[41.9743,12.863336],[41.954163,12.885273],[41.9268,12.926664],[41.914718,12.948745],[41.843459,13.102182],[41.816527,13.157773],[41.798609,13.187773],[41.781391,13.211945],[41.756945,13.236391],[41.615554,13.353609],[41.599163,13.365273],[41.566936,13.386664],[41.549718,13.397782],[41.528045,13.411245],[41.428054,13.472218],[41.236527,13.595418],[41.218609,13.612364],[41.178327,13.681664],[41.1325,13.766109],[41.115554,13.796945],[41.100409,13.822918],[41.072909,13.866527],[41.047218,13.9],[41.008045,13.944718],[40.929163,14.032218],[40.909436,14.052218],[40.8027,14.153054],[40.776936,14.164718],[40.748891,14.172782],[40.692853,14.182605],[40.646936,14.189027],[40.614163,14.195836],[40.5925,14.203054],[40.552773,14.220273],[40.468891,14.261391],[40.433609,14.282636],[40.385554,14.325273],[40.349718,14.359164],[40.322773,14.387782],[40.301382,14.405836],[40.271109,14.424718],[40.228054,14.443509],[40.179427,14.457954],[40.156663,14.464718],[40.116863,14.470136],[40.018882,14.458891],[39.945791,14.431773],[39.903745,14.4325],[39.8868,14.443745],[39.851663,14.479791],[39.779927,14.513609],[39.746382,14.502773],[39.726237,14.495786],[39.702013,14.494074],[39.607938,14.514307],[39.531391,14.565554]]]},"properties":{"cntry_name":"Ethiopia","area":1127560,"capname":"Addis Ababa","caplong":38.7751,"caplat":9.01393,"gwcode":530,"gwsdate":"23.05.1993 22:00:00","gwsyear":1993,"gwsmonth":5,"gwsday":24,"gwedate":"30.12.2019 23:00:00","gweyear":2019,"gwemonth":12,"gweday":31,"cap_geom":"SRID=4326;POINT (38.77513122558594 9.013930320739746)"}},{"type":"Feature","geometry":{"type":"MultiPolygon","coordinates":[[[[40.132218,15.701945],[40.128882,15.718609],[40.128609,15.731664],[40.135827,15.7525],[40.141036,15.8016],[40.087218,15.851664],[40.087218,15.851664],[40.007741,15.885355],[40.007741,15.885355],[40.021148,15.860514],[40.040409,15.8375],[40.038463,15.826664],[40.029163,15.822082],[39.9825,15.814345],[39.9825,15.814345],[39.94799,15.796534],[39.928054,15.786245],[39.923159,15.764059],[39.921527,15.756664],[39.921527,15.756664],[39.941105,15.741273],[39.972291,15.742291],[39.972291,15.742291],[39.972291,15.742291],[39.972291,15.742291],[39.972291,15.742291],[40.009163,15.736109],[40.014163,15.733887],[40.014163,15.733887],[40.014163,15.733887],[40.019163,15.731664],[40.060827,15.689445],[40.069063,15.677828],[40.079091,15.663682],[40.079091,15.663682],[40.079091,15.663682],[40.076448,15.661683],[40.059163,15.648609],[40.059163,15.648609],[40.037354,15.639164],[40.024718,15.643054],[39.983054,15.665],[39.957718,15.677273],[39.958609,15.624309],[39.980827,15.602918],[40.049436,15.588054],[40.088609,15.585836],[40.090187,15.586029],[40.107845,15.588191],[40.119509,15.604164],[40.252782,15.589718],[40.252782,15.589718],[40.252782,15.589718],[40.326945,15.574718],[40.395827,15.572773],[40.417073,15.574864],[40.409718,15.618054],[40.402773,15.638336],[40.326016,15.686485],[40.313327,15.694445],[40.290137,15.700137],[40.290137,15.700137],[40.257291,15.701945],[40.231873,15.694373],[40.226909,15.670732],[40.251936,15.655554],[40.237982,15.6293],[40.237982,15.6293],[40.237982,15.6293],[40.167845,15.639654],[40.149027,15.6575],[40.142491,15.671391],[40.132218,15.701945],[40.132218,15.701945],[40.132218,15.701945]]],[[[41.09596,14.653196],[40.882773,14.716109],[40.849445,14.716664],[40.832055,14.712089],[40.807218,14.705554],[40.807218,14.705554],[40.807218,14.705554],[40.730554,14.794445],[40.730554,14.794445],[40.730554,14.794496],[40.730691,14.830836],[40.677591,14.899377],[40.673882,14.904164],[40.593891,14.946391],[40.454854,15.007773],[40.422218,14.996109],[40.361936,14.965],[40.338609,14.943891],[40.297845,14.913536],[40.285149,14.919506],[40.175409,14.971109],[40.161054,14.982018],[40.1575,14.984718],[40.156736,15.017982],[40.074227,15.167982],[40.068892,15.173409],[40.041663,15.201109],[40.025827,15.239864],[40.049027,15.286945],[39.995699,15.379109],[39.989718,15.389445],[39.881382,15.489445],[39.873829,15.486118],[39.847636,15.474582],[39.819927,15.457987],[39.798818,15.445345],[39.771109,15.392218],[39.790027,15.2618],[39.794574,15.264531],[39.815936,15.277364],[39.815936,15.277364],[39.815936,15.277364],[39.843045,15.225827],[39.852628,15.184066],[39.854645,15.175273],[39.836845,15.136778],[39.808536,15.075554],[39.808536,15.075554],[39.774163,15.063054],[39.767782,15.062773],[39.718054,15.088054],[39.694163,15.129445],[39.698609,15.181673],[39.700277,15.187087],[39.700277,15.187087],[39.713191,15.257082],[39.713191,15.257082],[39.690554,15.315554],[39.613327,15.487636],[39.582909,15.526391],[39.563327,15.535273],[39.538463,15.537364],[39.528638,15.530352],[39.5118,15.518336],[39.484334,15.512418],[39.482773,15.512082],[39.4602,15.521736],[39.441663,15.603682],[39.449718,15.650273],[39.423609,15.769718],[39.379595,15.830369],[39.365554,15.849718],[39.351754,15.861616],[39.309163,15.898336],[39.277727,15.969146],[39.270136,15.986245],[39.243093,16.080103],[39.229436,16.1275],[39.214718,16.205554],[39.211391,16.228882],[39.204163,16.288609],[39.202218,16.343327],[39.190282,16.385554],[39.191528,16.39125],[39.187491,16.450554],[39.187491,16.450554],[39.174018,16.477982],[39.164163,16.544445],[39.160827,16.573054],[39.161663,16.6375],[39.160273,16.679164],[39.136936,16.775273],[39.117242,16.822866],[39.115554,16.826945],[39.111414,16.835558],[39.098327,16.862782],[39.039163,17.0525],[39.001936,17.188609],[38.945273,17.348054],[38.895,17.456945],[38.797773,17.653327],[38.749718,17.727218],[38.710554,17.777354],[38.672218,17.847218],[38.611936,17.961391],[38.600691,17.994882],[38.600691,17.994882],[38.604096,18.002855],[38.604096,18.002855],[38.505827,17.913327],[38.458609,17.871109],[38.449163,17.851109],[38.369163,17.664445],[38.2575,17.532773],[38.135554,17.498882],[38.092254,17.543227],[38.058745,17.5525],[38.034718,17.541664],[37.966527,17.499718],[37.933882,17.458609],[37.895554,17.441391],[37.744718,17.381945],[37.623054,17.3575],[37.588745,17.350136],[37.512073,17.321182],[37.520273,17.277773],[37.530691,17.249427],[37.520573,17.1958],[37.486109,17.110554],[37.423291,17.034209],[37.381382,17.043054],[37.257354,17.026945],[37.147773,17.017009],[37.108327,17.047918],[37.026109,17.077218],[36.993809,17.064891],[37.013054,17.022427],[37.008954,16.786318],[36.988882,16.725554],[36.972636,16.7],[36.9393,16.677636],[36.914027,16.644445],[36.898327,16.536945],[36.896663,16.514718],[36.902773,16.493609],[36.928054,16.459445],[36.952836,16.433609],[36.973882,16.285554],[36.966873,16.259927],[36.924718,16.227082],[36.889445,16.146664],[36.826109,15.9775],[36.763609,15.808054],[36.696245,15.748609],[36.671663,15.659164],[36.626109,15.489445],[36.610545,15.437218],[36.565554,15.302773],[36.542773,15.234718],[36.479718,15.180273],[36.443282,15.149954],[36.452218,15.068609],[36.515545,14.450282],[36.542241,14.270054],[36.558463,14.288609],[36.641245,14.316664],[36.736382,14.327218],[36.825,14.328054],[36.886109,14.320273],[36.949891,14.294373],[36.999791,14.261527],[37.075273,14.2875],[37.090545,14.312364],[37.090827,14.346664],[37.091663,14.371245],[37.101391,14.393054],[37.124718,14.425627],[37.199582,14.4525],[37.287845,14.451873],[37.336936,14.426664],[37.391245,14.356391],[37.433054,14.268054],[37.530754,14.114309],[37.572209,14.102254],[37.587029,14.136289],[37.684436,14.36],[37.838336,14.715273],[37.911382,14.883609],[37.926518,14.870973],[37.955827,14.837773],[37.978327,14.801109],[37.980345,14.775973],[38.018327,14.735],[38.040554,14.721945],[38.143745,14.683327],[38.188918,14.692118],[38.244854,14.687364],[38.263336,14.677636],[38.306936,14.594164],[38.333463,14.5216],[38.448954,14.418745],[38.561391,14.426527],[38.795554,14.469718],[38.893054,14.500827],[38.965554,14.546109],[39.012427,14.588954],[39.024018,14.655164],[39.094027,14.643609],[39.118745,14.629391],[39.134087,14.618607],[39.152218,14.6],[39.178609,14.564309],[39.189582,14.5443],[39.209718,14.485554],[39.263054,14.473609],[39.375973,14.483891],[39.482627,14.511318],[39.531391,14.565554],[39.607938,14.514307],[39.702013,14.494074],[39.726237,14.495786],[39.746382,14.502773],[39.779927,14.513609],[39.851663,14.479791],[39.8868,14.443745],[39.903745,14.4325],[39.945791,14.431773],[40.018882,14.458891],[40.116863,14.470136],[40.156663,14.464718],[40.179427,14.457954],[40.228054,14.443509],[40.271109,14.424718],[40.301382,14.405836],[40.322773,14.387782],[40.349718,14.359164],[40.385554,14.325273],[40.433609,14.282636],[40.468891,14.261391],[40.552773,14.220273],[40.5925,14.203054],[40.614163,14.195836],[40.646936,14.189027],[40.692853,14.182605],[40.748891,14.172782],[40.776936,14.164718],[40.8027,14.153054],[40.909436,14.052218],[40.929163,14.032218],[41.008045,13.944718],[41.047218,13.9],[41.072909,13.866527],[41.100409,13.822918],[41.115554,13.796945],[41.1325,13.766109],[41.178327,13.681664],[41.218609,13.612364],[41.236527,13.595418],[41.428054,13.472218],[41.528045,13.411245],[41.549718,13.397782],[41.566936,13.386664],[41.599163,13.365273],[41.615554,13.353609],[41.756945,13.236391],[41.781391,13.211945],[41.798609,13.187773],[41.816527,13.157773],[41.843459,13.102182],[41.914718,12.948745],[41.9268,12.926664],[41.954163,12.885273],[41.9743,12.863336],[41.993054,12.850136],[42.017218,12.840554],[42.048191,12.830273],[42.076945,12.819718],[42.097773,12.811945],[42.119027,12.801245],[42.153054,12.778473],[42.1943,12.746109],[42.214445,12.725827],[42.262773,12.650554],[42.292218,12.598191],[42.306518,12.574718],[42.326109,12.549445],[42.344718,12.526664],[42.358054,12.511664],[42.399718,12.469718],[42.456109,12.529164],[42.4931,12.519255],[42.535827,12.504164],[42.588327,12.467773],[42.620282,12.430827],[42.649163,12.398609],[42.698609,12.363891],[42.749854,12.387636],[42.8194,12.445591],[42.8084,12.487918],[42.810554,12.524927],[42.929718,12.623891],[43.121382,12.708327],[43.119714,12.718746],[43.118045,12.729164],[43.093891,12.795554],[43.077982,12.828954],[43.002218,12.885864],[42.986245,12.830064],[42.975,12.812773],[42.966555,12.810202],[42.936245,12.800973],[42.880554,12.808891],[42.804718,12.845],[42.776086,12.888198],[42.771945,12.894445],[42.766769,12.913099],[42.758609,12.9425],[42.733745,13.023473],[42.721663,13.042218],[42.575273,13.161945],[42.490273,13.192082],[42.444927,13.190345],[42.373809,13.217918],[42.348882,13.350273],[42.346709,13.377212],[42.344445,13.405282],[42.342812,13.41296],[42.339718,13.4275],[42.295,13.553054],[42.284582,13.573473],[42.2225,13.636664],[42.178273,13.669],[42.168818,13.660209],[42.191545,13.653764],[42.217254,13.6364],[42.225482,13.551245],[42.213537,13.558571],[42.186527,13.575136],[42.090273,13.678336],[42.067773,13.697773],[42.058609,13.729164],[41.984718,13.826391],[41.959894,13.853537],[41.956527,13.857218],[41.929305,13.864927],[41.902082,13.872636],[41.852636,13.871391],[41.720273,13.915554],[41.677218,13.936391],[41.663882,13.967364],[41.653054,13.999791],[41.611936,14.067782],[41.511936,14.2025],[41.449163,14.271664],[41.378609,14.373336],[41.310273,14.476945],[41.172218,14.630691],[41.09596,14.653196]]]]},"properties":{"cntry_name":"Eritrea","area":120897,"capname":"Asmara","caplong":38.9333,"caplat":15.3333,"gwcode":531,"gwsdate":"23.05.1993 22:00:00","gwsyear":1993,"gwsmonth":5,"gwsday":24,"gwedate":"30.12.2019 23:00:00","gweyear":2019,"gwemonth":12,"gweday":31,"cap_geom":"SRID=4326;POINT (38.93333053588867 15.333330154418945)"}},{"type":"Feature","geometry":{"type":"Polygon","coordinates":[[[15.357416,32.029763],[15.369373,32.154509],[15.274654,32.319027],[15.1893,32.387218],[15.165836,32.398609],[15.128609,32.409718],[14.935,32.437218],[14.790554,32.446109],[14.725036,32.4493],[14.654163,32.481109],[14.624582,32.4911],[14.545554,32.503054],[14.486663,32.510554],[14.448609,32.525618],[14.4436,32.529336],[14.438591,32.533054],[14.414863,32.556936],[14.317218,32.6325],[14.200282,32.703891],[14.170836,32.714164],[14.15,32.717773],[14.079445,32.723882],[14.038891,32.725827],[14.018054,32.729436],[13.993327,32.736664],[13.952218,32.7543],[13.929982,32.766027],[13.912773,32.773327],[13.892773,32.778327],[13.775836,32.799718],[13.748336,32.796527],[13.722773,32.791382],[13.642773,32.788054],[13.612773,32.788745],[13.579027,32.795554],[13.543891,32.808054],[13.519718,32.822218],[13.4675,32.848327],[13.3625,32.896245],[13.335,32.904445],[13.251109,32.918891],[13.206109,32.917218],[13.160136,32.909582],[13.140691,32.898745],[13.122363,32.883609],[13.091945,32.871936],[13.008127,32.845614],[13.000827,32.842773],[12.909027,32.815691],[12.853891,32.805545],[12.813891,32.799436],[12.771873,32.796627],[12.741109,32.794718],[12.559445,32.800827],[12.517218,32.807218],[12.366109,32.825554],[12.343945,32.8284],[12.301245,32.837773],[12.276109,32.848054],[12.173891,32.900554],[12.077773,32.951664],[12.025554,32.983609],[11.992218,33.003882],[11.908054,33.050282],[11.877636,33.064991],[11.7925,33.083118],[11.740836,33.085545],[11.638054,33.101664],[11.606945,33.117082],[11.526082,33.171136],[11.526071,33.170888],[11.525,33.146664],[11.522173,33.125918],[11.516954,33.102473],[11.504745,33.074809],[11.494027,33.043473],[11.4837,32.942909],[11.477218,32.863882],[11.466663,32.650973],[11.472773,32.6225],[11.494445,32.598882],[11.516945,32.581245],[11.536945,32.5675],[11.558327,32.5459],[11.58,32.503054],[11.581663,32.470827],[11.5675,32.442218],[11.550973,32.428327],[11.515882,32.4094],[11.483327,32.39],[11.414718,32.353054],[11.325836,32.319445],[11.181927,32.261664],[11.144163,32.246382],[11.029163,32.199718],[10.878536,32.132282],[10.859718,32.0925],[10.830554,32.041382],[10.814027,32.025],[10.710345,31.964445],[10.616109,31.861245],[10.530836,31.761391],[10.498473,31.737082],[10.469445,31.721245],[10.444163,31.720554],[10.416527,31.725691],[10.387636,31.729718],[10.349445,31.730273],[10.314927,31.7193],[10.287218,31.694164],[10.136454,31.502364],[10.123336,31.4225],[10.169845,31.315318],[10.220554,31.197909],[10.264582,31.076809],[10.290691,30.910418],[10.2775,30.869718],[10.223054,30.750554],[10.211945,30.728473],[10.083609,30.588054],[9.982218,30.461391],[9.892291,30.356318],[9.864027,30.339445],[9.840691,30.340273],[9.735136,30.315954],[9.6375,30.278054],[9.535636,30.241364],[9.511391,30.222773],[9.382773,30.1625],[9.311391,30.127218],[9.318891,30.100973],[9.345554,30.076664],[9.3625,30.063327],[9.385827,30.0425],[9.402218,30.021664],[9.413609,30.003891],[9.449163,29.965827],[9.551356,29.827747],[9.567089,29.806326],[9.578891,29.789164],[9.60119,29.752207],[9.638054,29.691109],[9.651057,29.667453],[9.661109,29.649164],[9.672074,29.628312],[9.680827,29.611664],[9.725,29.521382],[9.757218,29.454164],[9.765554,29.430554],[9.829718,29.198327],[9.839718,29.16],[9.847218,29.118609],[9.852218,29.089718],[9.856109,29.066109],[9.865273,28.993054],[9.869445,28.95],[9.873191,28.849582],[9.871663,28.806109],[9.8675,28.768054],[9.859445,28.708882],[9.846836,28.630436],[9.838054,28.571945],[9.812218,28.407773],[9.798336,28.325554],[9.790282,28.270554],[9.792218,28.249582],[9.830554,28.159718],[9.8425,28.131945],[9.901391,27.993327],[9.954163,27.868609],[9.955836,27.846245],[9.948327,27.824445],[9.890273,27.648609],[9.873536,27.608682],[9.819163,27.537773],[9.776391,27.439164],[9.734445,27.316036],[9.743609,27.254864],[9.802773,27.097773],[9.818054,27.056391],[9.829163,27.005273],[9.848327,26.908609],[9.908327,26.874718],[9.930554,26.859718],[9.919718,26.804718],[9.912773,26.7775],[9.895836,26.695554],[9.916945,26.673336],[9.899163,26.61],[9.871663,26.514164],[9.762782,26.468609],[9.668891,26.429718],[9.499445,26.3575],[9.442218,26.270273],[9.398191,26.199864],[9.393473,26.176664],[9.398336,26.153327],[9.435273,26.104718],[9.479445,26.048882],[9.791663,25.644718],[9.856109,25.560836],[10.005554,25.365554],[10.032082,25.329445],[10.039163,25.279445],[10.040693,25.2314],[10.045273,25.0875],[10.047782,25.005273],[10.049718,24.936382],[10.050836,24.867773],[10.054445,24.838054],[10.134773,24.795636],[10.174163,24.775],[10.218336,24.751109],[10.229163,24.709164],[10.235492,24.680452],[10.24,24.66],[10.252218,24.605827],[10.303336,24.566664],[10.414582,24.483327],[10.48,24.478054],[10.576663,24.515554],[10.668054,24.550282],[10.715273,24.567218],[10.756945,24.550554],[10.8325,24.520273],[10.969691,24.472364],[11.012891,24.457827],[11.110836,24.429718],[11.275273,24.383054],[11.35,24.3625],[11.439445,24.336936],[11.469554,24.327518],[11.558891,24.3025],[11.726018,24],[11.757218,23.941664],[11.918891,23.6475],[11.986473,23.522309],[12.013336,23.515827],[12.280282,23.459164],[12.339445,23.446664],[12.398891,23.434164],[12.473054,23.419164],[12.591391,23.393891],[12.887782,23.33],[13.109445,23.281109],[13.345836,23.229164],[13.390273,23.219718],[13.4143,23.215418],[13.467636,23.1975],[13.543891,23.168609],[13.563891,23.158882],[13.595554,23.139445],[13.612782,23.1275],[13.90704,22.885076],[14.235,22.614164],[14.356663,22.675827],[14.418054,22.708054],[14.495,22.747218],[14.818336,22.911109],[14.865,22.934445],[14.962626,22.983097],[14.997891,23.000591],[15.132773,23.062218],[15.335282,23.153327],[16.000827,23.450554],[16.346109,23.292218],[16.980273,22.998336],[17.656327,22.680918],[17.687182,22.666254],[18.036636,22.5],[18.363609,22.344445],[18.768327,22.150273],[18.999718,22.038282],[19.070741,22.003908],[19.298054,21.893891],[19.873891,21.611664],[20.408336,21.3475],[20.959445,21.0725],[21.381945,20.858745],[21.781663,20.656109],[22.321391,20.38],[23.020554,20.017773],[23.456663,19.789445],[24.001859,19.506614],[24.000273,19.906391],[24.005827,19.998818],[24.043327,20.002218],[24.154445,20.000554],[24.455827,19.996945],[24.577218,19.999164],[24.634445,20],[24.763609,20.000273],[24.9825,19.999445],[25.000518,19.999114],[25.001127,21.0103],[25.001418,21.999691],[25.001945,22.046664],[25.001409,22.286664],[25.000273,23.580273],[24.999445,24.023891],[24.998054,24.343054],[24.997218,24.786664],[24.99702,24.937929],[24.996945,24.994718],[24.9975,25.442773],[24.998336,25.970836],[24.999163,26.483891],[25,26.567218],[25.000273,26.719718],[25.000554,26.941664],[25.000154,26.999445],[25,27.080554],[25.000827,27.4275],[25.001663,27.607773],[25.001227,27.666327],[25.001945,27.760273],[25.002218,27.898891],[25.001945,28.000191],[25.0025,28.125],[25.001945,28.277773],[24.999445,28.956945],[24.997773,29.248882],[24.911663,29.432782],[24.897218,29.462218],[24.8784,29.508473],[24.884718,29.585827],[24.825,29.816945],[24.8318,29.837082],[24.834962,29.856755],[24.833054,29.881664],[24.821109,29.916382],[24.810273,29.945827],[24.769163,30.034164],[24.726109,30.119718],[24.711527,30.138054],[24.7068,30.159164],[24.71,30.188891],[24.723191,30.225973],[24.771945,30.303891],[24.818609,30.363891],[24.854445,30.399445],[24.876391,30.4275],[24.926182,30.5075],[24.976945,30.634718],[25.0175,30.789236],[24.995554,30.838891],[24.977009,30.872154],[24.911663,31.015],[24.904445,31.034445],[24.869163,31.159164],[24.868118,31.370827],[24.893609,31.402773],[24.962773,31.445273],[25.009163,31.481109],[25.047636,31.522636],[25.060827,31.5675],[25.073191,31.585691],[25.100273,31.611391],[25.129718,31.634445],[25.151038,31.640832],[25.150691,31.669654],[25.120418,31.728891],[25.089445,31.766664],[25.068882,31.790554],[25.023336,31.855136],[25.029163,31.895273],[25.032982,31.926945],[25.008609,31.949164],[24.982636,31.966527],[24.913609,31.98],[24.842218,31.9925],[24.7825,32.004582],[24.734582,32.025409],[24.6534,32.023818],[24.612363,31.999718],[24.568054,31.989164],[24.543054,31.985273],[24.1175,32],[24.087636,32.002636],[24.063891,32.011664],[23.990418,32.048609],[23.969718,32.0693],[23.989718,32.092218],[23.952082,32.112636],[23.8,32.155273],[23.720063,32.175136],[23.638473,32.183327],[23.564445,32.181664],[23.490554,32.182218],[23.450273,32.186664],[23.28,32.207218],[23.2472,32.216227],[23.212563,32.270345],[23.168745,32.301245],[23.130836,32.310273],[23.0851,32.332109],[23.103336,32.584018],[23.119163,32.619754],[22.995136,32.673536],[22.961109,32.669164],[22.933882,32.6718],[22.904445,32.679991],[22.868891,32.693327],[22.837354,32.709436],[22.805,32.725554],[22.5725,32.783882],[22.536109,32.782564],[22.513336,32.785554],[22.424163,32.835827],[22.375136,32.868045],[22.348327,32.878054],[22.317773,32.8811],[22.196945,32.884436],[22.068054,32.910827],[22.003982,32.914273],[21.980827,32.908609],[21.9475,32.905],[21.884163,32.902218],[21.854718,32.9025],[21.783327,32.916664],[21.739654,32.931064],[21.713891,32.944445],[21.627773,32.934718],[21.534718,32.869991],[21.513745,32.8493],[21.497218,32.831936],[21.471663,32.816245],[21.427773,32.796664],[21.389163,32.783336],[21.380832,32.780832],[21.3725,32.778327],[21.326663,32.773327],[21.285273,32.770273],[21.233054,32.771109],[21.179445,32.772773],[21.123609,32.7775],[21.07,32.774509],[20.969445,32.7375],[20.941391,32.724582],[20.908609,32.708054],[20.889163,32.697491],[20.871109,32.684718],[20.704163,32.611382],[20.560482,32.557118],[20.337218,32.409164],[20.084445,32.184718],[20.059373,32.155273],[20.009163,32.079164],[19.949027,31.977082],[19.941945,31.957773],[19.924163,31.823327],[19.919582,31.748191],[19.920827,31.727218],[19.924445,31.704991],[19.953054,31.568045],[19.965554,31.5236],[19.982773,31.482491],[20.019718,31.401391],[20.030554,31.377773],[20.049027,31.353954],[20.071245,31.342636],[20.092218,31.319445],[20.105554,31.2975],[20.143327,31.210282],[20.1483,31.186873],[20.155554,31.15],[20.153473,31.076809],[20.148891,31.055],[20.135,31.007773],[20.1225,30.971109],[20.108891,30.943336],[20.057636,30.850827],[20.027354,30.809718],[19.871391,30.631664],[19.765,30.518882],[19.746109,30.503882],[19.617773,30.417218],[19.345,30.294164],[19.316109,30.286391],[19.218327,30.266936],[19.163054,30.263882],[19.025273,30.265],[19.001391,30.266936],[18.9575,30.276391],[18.926391,30.288891],[18.905282,30.298882],[18.801527,30.353609],[18.788891,30.366664],[18.713054,30.396945],[18.5975,30.463891],[18.385554,30.608891],[18.358891,30.6275],[18.298882,30.674164],[18.247354,30.728609],[18.220618,30.758891],[18.179163,30.781945],[18.057218,30.814718],[17.923191,30.851527],[17.894163,30.867082],[17.808327,30.923054],[17.604163,30.996945],[17.571109,31.005],[17.5,31.016664],[17.469854,31.023327],[17.443473,31.035973],[17.424718,31.050973],[17.402636,31.066664],[17.367218,31.082218],[17.27,31.094718],[17.133054,31.121945],[17.113327,31.126664],[17.058891,31.141109],[17.022218,31.155554],[16.9925,31.165836],[16.929582,31.183473],[16.759718,31.219164],[16.732218,31.224445],[16.705827,31.228054],[16.656109,31.227218],[16.598054,31.225554],[16.564718,31.221382],[16.523609,31.217782],[16.500273,31.218609],[16.254863,31.230691],[16.224718,31.233891],[16.182782,31.241391],[16.115782,31.255827],[16.080827,31.261945],[15.9768,31.291245],[15.896391,31.324718],[15.863891,31.338891],[15.7543,31.389718],[15.688745,31.430554],[15.62,31.490136],[15.488054,31.659854],[15.398609,31.856945],[15.378336,31.902909],[15.36,31.960273],[15.351945,31.995827],[15.354718,32.021109],[15.354945,32.021836],[15.357416,32.029763],[15.357416,32.029763]]]},"properties":{"cntry_name":"Libya","area":1617540,"capname":"Tripoli","caplong":13.18,"caplat":32.8925,"gwcode":620,"gwsdate":"23.12.1951 23:00:00","gwsyear":1951,"gwsmonth":12,"gwsday":24,"gwedate":"30.12.2019 23:00:00","gweyear":2019,"gwemonth":12,"gweday":31,"cap_geom":"SRID=4326;POINT (13.180000305175781 32.89250183105469)"}},{"type":"Feature","geometry":{"type":"Polygon","coordinates":[[[32.0618,31.370273],[32.041382,31.382218],[32.041382,31.382218],[32.041382,31.382218],[32.009163,31.416382],[31.985,31.445827],[31.963191,31.475691],[31.950545,31.505164],[31.921482,31.529882],[31.893518,31.539109],[31.872652,31.535101],[31.8717,31.534918],[31.840273,31.520554],[31.83252,31.516331],[31.83252,31.516331],[31.809163,31.503609],[31.755554,31.479164],[31.666945,31.455827],[31.624748,31.448124],[31.598473,31.443327],[31.598473,31.443327],[31.5711,31.441945],[31.556945,31.442218],[31.520973,31.448609],[31.433609,31.484718],[31.433609,31.484718],[31.344123,31.531864],[31.344123,31.531864],[31.267918,31.560827],[31.267918,31.560827],[31.264413,31.561961],[31.225827,31.574445],[31.188327,31.585],[31.133327,31.597773],[31.098327,31.601664],[31.012218,31.597009],[30.991978,31.589076],[30.977845,31.583536],[30.991854,31.580359],[31.033882,31.570827],[31.062688,31.565776],[31.065554,31.565273],[31.065554,31.565273],[31.065554,31.565273],[31.085667,31.555552],[31.107218,31.545136],[31.126454,31.496664],[31.1,31.490273],[31.007218,31.480273],[30.982683,31.461753],[30.964163,31.447773],[30.9025,31.420273],[30.9025,31.420273],[30.9025,31.420273],[30.743609,31.408609],[30.593882,31.380273],[30.544163,31.393191],[30.567773,31.423573],[30.624898,31.441343],[30.703609,31.465827],[30.774928,31.496858],[30.956109,31.575691],[30.894997,31.560834],[30.845836,31.548882],[30.807045,31.538554],[30.790321,31.532342],[30.770554,31.525],[30.749997,31.517957],[30.725554,31.509582],[30.713391,31.505873],[30.691391,31.499164],[30.597218,31.472218],[30.574445,31.466945],[30.5,31.452354],[30.4793,31.452218],[30.460321,31.457177],[30.445273,31.461109],[30.435426,31.465179],[30.411663,31.475],[30.391945,31.493609],[30.355445,31.502845],[30.375409,31.455554],[30.389436,31.441891],[30.389436,31.441891],[30.389436,31.441891],[30.354445,31.448327],[30.301936,31.335282],[30.300282,31.268891],[30.289718,31.237354],[30.289718,31.237354],[30.289718,31.237354],[30.213054,31.212918],[30.143191,31.221945],[30.096009,31.278382],[30.064445,31.320273],[30.045827,31.307218],[30.031441,31.296794],[29.999445,31.273609],[29.803891,31.135554],[29.745282,31.103609],[29.701633,31.07636],[29.688327,31.068054],[29.634718,31.034445],[29.634718,31.034445],[29.599304,31.009859],[29.598054,31.008609],[29.575273,30.993609],[29.575273,30.993609],[29.547033,30.975511],[29.525,30.961391],[29.485936,30.939252],[29.483327,30.937773],[29.483327,30.937773],[29.483327,30.937773],[29.337218,30.876945],[29.299722,30.86514],[29.2525,30.850273],[29.244445,30.847914],[29.225,30.842218],[29.18,30.830273],[29.171881,30.828665],[29.147782,30.823891],[29.121391,30.821391],[29.069445,30.821664],[29.035,30.824164],[28.981391,30.839164],[28.895345,30.873536],[28.827082,30.920827],[28.815063,30.947709],[28.755273,30.975],[28.718327,30.988054],[28.56,31.032218],[28.429718,31.078891],[28.414303,31.081828],[28.403473,31.083891],[28.364294,31.075285],[28.356663,31.073609],[28.282508,31.069417],[28.273054,31.068882],[28.273054,31.068882],[28.273054,31.068882],[28.230414,31.070828],[28.187773,31.072773],[28.15555,31.075831],[27.921391,31.098054],[27.902636,31.109718],[27.893327,31.139718],[27.883609,31.181391],[27.864582,31.23],[27.844163,31.243745],[27.800763,31.213191],[27.655063,31.172918],[27.571109,31.188609],[27.458882,31.217218],[27.438891,31.222773],[27.412218,31.236109],[27.395273,31.249718],[27.3775,31.271527],[27.368191,31.295691],[27.359163,31.328891],[27.354581,31.342225],[27.345418,31.368891],[27.3306,31.373703],[27.323191,31.376109],[27.279863,31.377918],[27.248336,31.375273],[27.165136,31.3793],[27.092523,31.393391],[27.062773,31.399164],[27.002979,31.411399],[26.893054,31.433891],[26.774436,31.460554],[26.644718,31.484164],[26.504445,31.498609],[26.402538,31.510243],[26.373054,31.513609],[26.362082,31.515691],[26.351109,31.517773],[26.330869,31.522467],[26.309163,31.5275],[26.221502,31.550446],[26.173336,31.563054],[26.116664,31.583057],[26.093054,31.591391],[26.008609,31.610554],[25.985554,31.614164],[25.959367,31.616629],[25.947218,31.617773],[25.881109,31.62],[25.859073,31.618145],[25.848054,31.617218],[25.837582,31.615409],[25.811109,31.610836],[25.688805,31.578647],[25.684445,31.5775],[25.640213,31.563872],[25.567218,31.541382],[25.481109,31.518609],[25.400273,31.501664],[25.314445,31.501454],[25.173891,31.540764],[25.152218,31.635136],[25.152187,31.635803],[25.151038,31.640832],[25.129718,31.634445],[25.100273,31.611391],[25.073191,31.585691],[25.060827,31.5675],[25.047636,31.522636],[25.009163,31.481109],[24.962773,31.445273],[24.893609,31.402773],[24.868118,31.370827],[24.869163,31.159164],[24.904445,31.034445],[24.911663,31.015],[24.977009,30.872154],[24.995554,30.838891],[25.0175,30.789236],[24.976945,30.634718],[24.926182,30.5075],[24.876391,30.4275],[24.854445,30.399445],[24.818609,30.363891],[24.771945,30.303891],[24.723191,30.225973],[24.71,30.188891],[24.7068,30.159164],[24.711527,30.138054],[24.726109,30.119718],[24.769163,30.034164],[24.810273,29.945827],[24.821109,29.916382],[24.833054,29.881664],[24.834962,29.856755],[24.8318,29.837082],[24.825,29.816945],[24.884718,29.585827],[24.8784,29.508473],[24.897218,29.462218],[24.911663,29.432782],[24.997773,29.248882],[24.999445,28.956945],[25.001945,28.277773],[25.0025,28.125],[25.001945,28.000191],[25.002218,27.898891],[25.001945,27.760273],[25.001227,27.666327],[25.001663,27.607773],[25.000827,27.4275],[25,27.080554],[25.000154,26.999445],[25.000554,26.941664],[25.000273,26.719718],[25,26.567218],[24.999163,26.483891],[24.998336,25.970836],[24.9975,25.442773],[24.996945,24.994718],[24.99702,24.937929],[24.997218,24.786664],[24.998054,24.343054],[24.999445,24.023891],[25.000273,23.580273],[25.001409,22.286664],[25.001945,22.046664],[25.001418,21.999691],[25.099163,22.000827],[25.216391,22.001109],[25.407292,21.999983],[25.778609,22.0025],[26.339718,21.999718],[26.612354,21.996673],[26.648608,21.996316],[26.674718,21.99597],[26.838054,21.995206],[26.914445,21.996482],[26.971667,21.997611],[27.09306,21.998639],[27.13806,21.998859],[27.267773,21.997765],[27.327218,21.99597],[27.364089,21.994856],[27.386663,21.994188],[27.412218,21.994463],[27.724165,21.999271],[28.222775,22.003161],[28.261111,22.003445],[28.319164,22.002709],[28.469551,22.001137],[28.596665,21.99962],[29.013337,21.99592],[29.070828,21.995618],[29.092783,21.995599],[29.113609,21.995581],[29.135273,21.995562],[29.156391,21.995544],[29.178054,21.995525],[29.250515,21.995457],[29.527219,21.997438],[29.611946,21.998007],[30.101108,22.000648],[30.263811,22.001004],[30.377493,22.001191],[30.463044,22.001321],[30.499152,22.001376],[30.598816,22.002398],[30.69099,22.00282],[30.74811,22.003046],[31.02646,21.998612],[31.165273,21.998336],[31.2075,21.998336],[31.2743,21.998745],[31.32,22.08],[31.335,22.106109],[31.395418,22.211382],[31.421663,22.227218],[31.448327,22.232218],[31.479027,22.221391],[31.508191,22.189718],[31.513818,22.159854],[31.466109,22.030827],[31.460273,21.998191],[31.4953,21.998336],[31.579163,21.999445],[31.996663,22.002773],[32.339718,22.004164],[32.388054,22.004164],[32.444445,22.004164],[32.473054,22.003609],[32.493891,22.003054],[32.521663,22.002773],[32.648045,22.001945],[33.173264,21.999155],[33.358054,22.000273],[33.4618,22.000273],[33.739718,21.999718],[33.760273,21.999718],[33.781391,21.999718],[33.865,21.999445],[33.954991,21.998882],[34.074436,21.996945],[34.107973,21.996277],[34.346245,21.995554],[34.663891,21.996109],[34.704163,21.997218],[34.892491,22.000554],[34.940282,22.001109],[34.967636,22.001109],[34.988609,22.001109],[35.153609,22.000554],[35.354436,21.999164],[35.445,21.997773],[35.781109,21.996945],[35.909436,21.998336],[36.024991,21.998882],[36.256382,21.999718],[36.297773,21.999164],[36.408609,21.998882],[36.545827,21.998609],[36.688327,21.998336],[36.728054,21.999445],[36.821936,22.001109],[36.890714,22.003972],[36.895691,22.034164],[36.890968,22.043678],[36.886245,22.053191],[36.862782,22.075836],[36.814248,22.113309],[36.800554,22.123882],[36.787984,22.133328],[36.750273,22.161664],[36.627524,22.244251],[36.545691,22.299309],[36.491527,22.306527],[36.465554,22.318336],[36.439436,22.348891],[36.398045,22.405554],[36.372218,22.455273],[36.339913,22.499889],[36.275273,22.589164],[36.229018,22.635418],[36.213024,22.641675],[36.153054,22.665136],[36.0575,22.685836],[36.016663,22.690273],[36.011637,22.692176],[35.938891,22.719718],[35.868609,22.749718],[35.844854,22.763745],[35.742218,22.8725],[35.668891,22.970691],[35.662773,23.012218],[35.6625,23.041109],[35.640691,23.115],[35.633136,23.128691],[35.630718,23.133073],[35.625521,23.141241],[35.601391,23.179164],[35.578891,23.215827],[35.5693,23.238745],[35.554991,23.309445],[35.552351,23.33695],[35.552218,23.338336],[35.552218,23.338336],[35.552491,23.37],[35.540136,23.410627],[35.499163,23.471382],[35.491873,23.494582],[35.491873,23.494582],[35.491873,23.494582],[35.492209,23.497333],[35.503882,23.593054],[35.512218,23.671945],[35.514236,23.720064],[35.5,23.744027],[35.475827,23.811945],[35.485505,23.938578],[35.485836,23.942918],[35.488049,23.945909],[35.504436,23.968054],[35.521109,23.980273],[35.521109,23.980273],[35.521109,23.980273],[35.530937,23.982081],[35.543045,23.984309],[35.543045,23.984309],[35.543045,23.984309],[35.552845,23.962082],[35.57188,23.952864],[35.6125,23.933191],[35.811173,23.907009],[35.783054,23.956945],[35.771041,23.969723],[35.759027,23.9825],[35.747809,23.990191],[35.726818,24.004582],[35.703054,24.015],[35.599163,24.076664],[35.4836,24.15],[35.448054,24.181945],[35.430273,24.225273],[35.419445,24.242773],[35.383045,24.290554],[35.336936,24.3325],[35.29,24.366809],[35.234991,24.407218],[35.223947,24.419391],[35.221382,24.422218],[35.200446,24.446319],[35.138609,24.5175],[35.141862,24.540852],[35.141936,24.541382],[35.088327,24.718191],[34.986382,24.923882],[34.936391,25.011109],[34.914163,25.045554],[34.888781,25.083418],[34.880273,25.096109],[34.856566,25.130497],[34.849445,25.140827],[34.842837,25.152637],[34.819445,25.194445],[34.782005,25.263753],[34.770827,25.284445],[34.669163,25.487218],[34.634436,25.562773],[34.625273,25.581109],[34.550482,25.724718],[34.531245,25.745418],[34.509163,25.760554],[34.490409,25.777773],[34.438045,25.845273],[34.324163,26.026109],[34.222773,26.202773],[34.214163,26.221664],[34.201109,26.250554],[34.181936,26.299718],[34.143054,26.372218],[34.074436,26.511664],[34.009991,26.613891],[33.990554,26.630973],[33.953745,26.641109],[33.938327,26.655273],[33.932354,26.684164],[33.947773,26.818882],[33.943473,26.935691],[33.835691,27.117636],[33.829991,27.161109],[33.833651,27.177939],[33.838327,27.199445],[33.837844,27.217934],[33.837354,27.236664],[33.828745,27.255409],[33.770827,27.2825],[33.738054,27.293891],[33.719991,27.306109],[33.704163,27.32],[33.688882,27.340554],[33.684163,27.372573],[33.668054,27.424236],[33.633045,27.49],[33.5611,27.568336],[33.494718,27.643891],[33.474718,27.8275],[33.484426,27.832283],[33.494718,27.837354],[33.515273,27.830973],[33.550827,27.812218],[33.560456,27.804998],[33.579718,27.790554],[33.579946,27.793586],[33.581663,27.816391],[33.571109,27.854718],[33.558882,27.883054],[33.516663,27.944445],[33.496173,27.970082],[33.485136,27.983891],[33.474964,27.991995],[33.469445,27.996391],[33.4325,28.018609],[33.410827,28.029164],[33.334445,28.075],[33.225,28.182218],[33.179163,28.228882],[33.126109,28.283609],[33.076663,28.367773],[33.01598,28.459487],[33.015827,28.459718],[32.999163,28.484445],[32.951657,28.529573],[32.935273,28.545136],[32.860836,28.626391],[32.837218,28.701664],[32.829436,28.724445],[32.82,28.748054],[32.804163,28.776945],[32.788609,28.7918],[32.761264,28.800163],[32.757518,28.801309],[32.757518,28.801309],[32.757518,28.801309],[32.736936,28.816109],[32.688609,28.867773],[32.618745,28.984027],[32.618745,28.984027],[32.618745,28.984027],[32.61945,28.987545],[32.634227,29.061245],[32.654373,29.084247],[32.662636,29.093682],[32.659905,29.116678],[32.657591,29.119464],[32.646945,29.173609],[32.646945,29.173609],[32.630827,29.236527],[32.596382,29.340554],[32.567218,29.3825],[32.437818,29.492164],[32.401109,29.511945],[32.368254,29.544509],[32.340827,29.594864],[32.355043,29.65752],[32.360836,29.683054],[32.409159,29.755548],[32.409163,29.755554],[32.409163,29.755554],[32.446936,29.795273],[32.462641,29.828481],[32.481945,29.8693],[32.459027,29.8975],[32.459027,29.8975],[32.459027,29.8975],[32.465007,29.910129],[32.477636,29.9368],[32.563254,29.956836],[32.575618,30.002709],[32.577773,29.951382],[32.576663,29.92],[32.576663,29.92],[32.607909,29.823609],[32.649027,29.788354],[32.674718,29.758327],[32.694363,29.723473],[32.683118,29.6693],[32.689718,29.616391],[32.722218,29.510827],[32.741391,29.454718],[32.84102,29.307027],[32.890827,29.233191],[32.918633,29.216143],[32.928891,29.209854],[32.948745,29.206809],[33.172563,28.995064],[33.172563,28.995064],[33.172563,28.995064],[33.167218,28.974309],[33.166758,28.967315],[33.165836,28.953327],[33.167773,28.861109],[33.199582,28.662291],[33.221109,28.608054],[33.242773,28.554445],[33.286945,28.505],[33.306109,28.485],[33.411382,28.38],[33.433882,28.360836],[33.520482,28.313264],[33.5634,28.294718],[33.599163,28.239436],[33.626936,28.193336],[33.712491,28.081664],[33.743753,28.04494],[33.763327,28.021945],[33.780994,28.008114],[33.805545,27.988891],[33.825554,27.975],[33.937788,27.908628],[33.973054,27.887773],[34.035723,27.852008],[34.134163,27.795827],[34.187936,27.787145],[34.216382,27.765273],[34.254436,27.728609],[34.255358,27.752531],[34.255827,27.764718],[34.258595,27.787802],[34.258891,27.790273],[34.264222,27.801386],[34.272218,27.818054],[34.280134,27.831181],[34.294163,27.854445],[34.327218,27.868891],[34.431109,27.974445],[34.441936,27.996945],[34.446109,28.021109],[34.451663,28.174164],[34.4301,28.2009],[34.414163,28.230418],[34.409163,28.318745],[34.456663,28.435273],[34.469872,28.45986],[34.524718,28.561945],[34.529907,28.571296],[34.548609,28.605],[34.585545,28.662218],[34.603623,28.689201],[34.605273,28.691664],[34.627427,28.735418],[34.6225,28.759445],[34.622491,28.8393],[34.661737,29.02145],[34.665554,29.039164],[34.666507,29.042921],[34.689991,29.135554],[34.744163,29.291382],[34.761382,29.334718],[34.858745,29.472218],[34.882909,29.484509],[34.882909,29.484509],[34.882909,29.484509],[34.9038,29.486709],[34.877782,29.5325],[34.866391,29.606664],[34.869676,29.617251],[34.873891,29.630836],[34.873891,29.630836],[34.873891,29.630836],[34.873891,29.630836],[34.872065,29.653377],[34.858412,29.702532],[34.847773,29.740836],[34.770438,29.946381],[34.755717,29.98602],[34.723345,30.089345],[34.715057,30.110322],[34.660832,30.24757],[34.639983,30.300339],[34.627888,30.330954],[34.614436,30.365],[34.545273,30.406945],[34.543327,30.434718],[34.558541,30.487117],[34.539068,30.5446],[34.525359,30.585067],[34.50471,30.646023],[34.489436,30.691109],[34.439018,30.787496],[34.401382,30.859445],[34.384834,30.903522],[34.356816,30.978149],[34.336524,31.032196],[34.335877,31.033922],[34.336083,31.03337],[34.2875,31.162773],[34.267582,31.216545],[34.239163,31.294718],[34.239163,31.294718],[34.216758,31.323207],[34.215144,31.32184],[34.215144,31.32184],[34.209718,31.316527],[34.108054,31.252773],[34.108054,31.252773],[34.046936,31.225691],[33.985273,31.201382],[33.973616,31.197194],[33.931936,31.182218],[33.90259,31.174006],[33.871382,31.165273],[33.819218,31.152069],[33.806663,31.148891],[33.743891,31.133327],[33.673045,31.12],[33.636663,31.115554],[33.604163,31.113609],[33.584163,31.114436],[33.529582,31.1175],[33.484445,31.1275],[33.454373,31.141736],[33.4125,31.154864],[33.37913,31.141635],[33.310363,31.114373],[33.251391,31.089445],[33.206109,31.068054],[33.150094,31.059336],[33.143609,31.058327],[33.143609,31.058327],[33.143609,31.058327],[33.149316,31.09881],[33.149718,31.101664],[33.115618,31.1925],[33.028609,31.153891],[32.781109,31.046109],[32.774981,31.044997],[32.7118,31.033536],[32.677253,31.048418],[32.669718,31.051664],[32.650997,31.05392],[32.599345,31.060145],[32.552218,31.071454],[32.499791,31.115973],[32.481109,31.1425],[32.462491,31.160554],[32.402218,31.214718],[32.329582,31.2693],[32.32645,31.269494],[32.3268,31.269784],[32.276109,31.278609],[32.256282,31.281718],[32.214754,31.282427],[32.2475,31.271109],[32.256427,31.269718],[32.274373,31.266736],[32.286988,31.23677],[32.28811,31.2377],[32.298609,31.209164],[32.298609,31.209164],[32.291109,31.169445],[32.289609,31.169209],[32.289609,31.169209],[32.279791,31.1243],[32.258627,31.11101],[32.253009,31.107482],[32.230045,31.103264],[32.192009,31.124854],[32.192009,31.124854],[32.143195,31.084272],[32.146245,31.078609],[32.143063,31.074164],[32.078045,31.0825],[32.051936,31.128882],[32.036082,31.1432],[32.035682,31.174864],[32.043054,31.193609],[32.036899,31.20259],[32.027918,31.215691],[32.0061,31.2175],[31.955209,31.2018],[31.938873,31.190219],[31.927291,31.182009],[31.927291,31.182009],[31.927291,31.182009],[31.874283,31.219614],[31.836936,31.246109],[31.798227,31.284691],[31.781463,31.278797],[31.777463,31.277391],[31.777463,31.277391],[31.777463,31.277391],[31.850162,31.484853],[31.860554,31.514509],[31.909654,31.527564],[31.933336,31.513473],[31.977918,31.433191],[31.992363,31.402636],[31.998577,31.397116],[32.017218,31.380554],[32.064227,31.356318],[32.078045,31.356391],[32.09,31.343609],[32.112636,31.3275],[32.167218,31.300554],[32.202491,31.290936],[32.103463,31.354027],[32.086627,31.360754],[32.0618,31.370273]]]},"properties":{"cntry_name":"Egypt","area":998389,"capname":"Cairo","caplong":31.25,"caplat":30.05,"gwcode":651,"gwsdate":"25.05.1979 23:00:00","gwsyear":1979,"gwsmonth":5,"gwsday":26,"gwedate":"30.12.2019 23:00:00","gweyear":2019,"gwemonth":12,"gweday":31,"cap_geom":"SRID=4326;POINT (31.25 30.049999237060547)"}}]}
